<?xml version="1.0" encoding="UTF-8"?>
<GenRun Id="bhhrg_bit_to_signed_0_2_synth_1" LaunchPart="xc7z020clg484-1" LaunchTime="1542367713">
  <File Type="VDS-TIMING-PB" Name="bhhrg_bit_to_signed_0_2_timing_summary_synth.pb"/>
  <File Type="VDS-TIMINGSUMMARY" Name="bhhrg_bit_to_signed_0_2_timing_summary_synth.rpt"/>
  <File Type="RDS-DCP" Name="bhhrg_bit_to_signed_0_2.dcp"/>
  <File Type="RDS-UTIL-PB" Name="bhhrg_bit_to_signed_0_2_utilization_synth.pb"/>
  <File Type="RDS-UTIL" Name="bhhrg_bit_to_signed_0_2_utilization_synth.rpt"/>
  <File Type="RDS-PROPCONSTRS" Name="bhhrg_bit_to_signed_0_2_drc_synth.rpt"/>
  <File Type="RDS-RDS" Name="bhhrg_bit_to_signed_0_2.vds"/>
  <File Type="REPORTS-TCL" Name="bhhrg_bit_to_signed_0_2_reports.tcl"/>
  <File Type="PA-TCL" Name="bhhrg_bit_to_signed_0_2.tcl"/>
  <FileSet Name="sources" Type="BlockSrcs" RelSrcDir="$PSRCDIR/bhhrg_bit_to_signed_0_2">
    <File Path="$PSRCDIR/sources_1/bd/bhhrg/ip/bhhrg_bit_to_signed_0_2/bhhrg_bit_to_signed_0_2.xci">
      <FileInfo>
        <Attr Name="UsedIn" Val="synthesis"/>
        <Attr Name="UsedIn" Val="implementation"/>
        <Attr Name="UsedIn" Val="simulation"/>
      </FileInfo>
    </File>
    <Config>
      <Option Name="TopModule" Val="bhhrg_bit_to_signed_0_2"/>
      <Option Name="UseBlackboxStub" Val="1"/>
    </Config>
  </FileSet>
  <FileSet Name="constrs_in" Type="BlockSrcs" RelSrcDir="$PSRCDIR/bhhrg_bit_to_signed_0_2">
    <File Path="$PSRCDIR/sources_1/bd/bhhrg/ip/bhhrg_bit_to_signed_0_2/bhhrg_bit_to_signed_0_2.xci">
      <FileInfo>
        <Attr Name="UsedIn" Val="synthesis"/>
        <Attr Name="UsedIn" Val="implementation"/>
        <Attr Name="UsedIn" Val="simulation"/>
      </FileInfo>
    </File>
    <Config>
      <Option Name="TopModule" Val="bhhrg_bit_to_signed_0_2"/>
      <Option Name="UseBlackboxStub" Val="1"/>
    </Config>
  </FileSet>
  <Strategy Version="1" Minor="2">
    <StratHandle Name="Vivado Synthesis Defaults" Flow="Vivado Synthesis 2018">
      <Desc>Vivado Synthesis Defaults</Desc>
    </StratHandle>
    <Step Id="synth_design"/>
  </Strategy>
</GenRun>
