<?xml version="1.0" encoding="UTF-8"?>
<!-- Product Version: Vivado v2018.2 (64-bit)                     -->
<!--                                                              -->
<!-- Copyright 1986-2018 Xilinx, Inc. All Rights Reserved.        -->

<hwsession version="1" minor="2">
  <device name="xc7z020_1" gui_info="dashboard1=hw_ila_1[xc7z020_1/hw_ila_1/Waveform=ILA_WAVE_1;xc7z020_1/hw_ila_1/Capture Setup=ILA_CAPTURE_1;xc7z020_1/hw_ila_1/Status=ILA_STATUS_1;xc7z020_1/hw_ila_1/Trigger Setup=ILA_TRIGGER_1;xc7z020_1/hw_ila_1/Settings=ILA_SETTINGS_1;]"/>
  <ObjectList object_type="hw_device" gui_info="">
    <Object name="xc7z020_1" gui_info="">
      <Properties Property="FULL_PROBES.FILE" value=""/>
      <Properties Property="PROBES.FILE" value=""/>
      <Properties Property="PROGRAM.HW_BITSTREAM" value="$_project_name_.runs/impl_1/bhhrg_wrapper.bit"/>
      <Properties Property="SLR.COUNT" value="1"/>
    </Object>
  </ObjectList>
  <ObjectList object_type="hw_ila" gui_info="">
    <Object name="bhhrg_i/ila_0" gui_info="">
      <Properties Property="CONTROL.TRIGGER_CONDITION" value="AND"/>
      <Properties Property="CONTROL.TRIGGER_POSITION" value="50"/>
      <Properties Property="CORE_REFRESH_RATE_MS" value="500"/>
    </Object>
    <Object name="bhhrg_i/system_ila_0/U0/ila_lib" gui_info="">
      <Properties Property="CONTROL.TRIGGER_CONDITION" value="AND"/>
      <Properties Property="CONTROL.TRIGGER_POSITION" value="1000"/>
      <Properties Property="CORE_REFRESH_RATE_MS" value="500"/>
    </Object>
    <Object name="u_ila_0" gui_info="">
      <Properties Property="CONTROL.TRIGGER_CONDITION" value="OR"/>
      <Properties Property="CONTROL.TRIGGER_POSITION" value="100"/>
      <Properties Property="CORE_REFRESH_RATE_MS" value="500"/>
    </Object>
  </ObjectList>
  <ObjectList object_type="hw_probe" gui_info="">
    <Object name="bhhrg_i/axi_decoder_0/U0/master_repack/flusing" gui_info=""/>
    <Object name="bhhrg_i/axi_decoder_0/U0/slave_repack/store_cnt[12:0]" gui_info="Trigger Setup=0"/>
    <Object name="bhhrg_i/axi_fifo_mm_s_0_axi_str_txd_tvalid" gui_info="Trigger Setup=0"/>
    <Object name="bhhrg_i/axi_gpio_0_gpio2_io_o[31:0]" gui_info=""/>
    <Object name="bhhrg_i/axi_gpio_0_gpio_io_o[31:0]" gui_info="Trigger Setup=0"/>
    <Object name="bhhrg_i/bit_to_signed_0/U0/slave_repack/flusing" gui_info=""/>
    <Object name="bhhrg_i/system_ila_0/U0/net_slot_0_axis_tlast" gui_info="Trigger Setup=0"/>
    <Object name="bhhrg_i/system_ila_0/U0/net_slot_0_axis_tvalid" gui_info=""/>
    <Object name="bhhrg_i/system_ila_0/U0/net_slot_1_axis_tvalid" gui_info=""/>
    <Object name="bhhrg_i/system_ila_0/U0/net_slot_2_axis_tvalid" gui_info="Trigger Setup=0"/>
    <Object name="bhhrg_i/system_ila_0/U0/net_slot_3_axis_tvalid" gui_info=""/>
    <Object name="bhhrg_i/system_ila_0/U0/net_slot_5_axis_tready" gui_info=""/>
    <Object name="bhhrg_i/system_ila_0/U0/net_slot_5_axis_tvalid" gui_info=""/>
  </ObjectList>
  <probeset name="hw project" active="false">
    <probe type="ila" busType="net" source="netlist" spec="ILA_V2_RT">
      <probeOptions Id="DebugProbeParams">
        <Option Id="CAPTURE_COMPARE_VALUE" value="eq1&apos;bX"/>
        <Option Id="COMPARE_VALUE.0" value="eq1&apos;bX"/>
        <Option Id="DISPLAY_AS_ENUM" value="1"/>
        <Option Id="DISPLAY_HINT" value=""/>
        <Option Id="DISPLAY_RADIX" value="HEX"/>
        <Option Id="DISPLAY_VISIBILITY" value=""/>
        <Option Id="HW_ILA" value="hw_ila_1"/>
        <Option Id="LINK_TO_WAVEFORM" value="1"/>
        <Option Id="MAP" value="probe7[0]"/>
        <Option Id="NAME.CUSTOM" value="bhhrg_i/tready"/>
        <Option Id="NAME.SELECT" value="Custom"/>
        <Option Id="SOURCE" value="netlist"/>
        <Option Id="TRIGGER_COMPARE_VALUE" value="eq1&apos;bX"/>
        <Option Id="WAVEFORM_STYLE" value="Digital"/>
      </probeOptions>
      <nets>
        <net name="bhhrg_i/Net"/>
      </nets>
    </probe>
    <probe type="ila" busType="net" source="netlist" spec="ILA_V2_RT">
      <probeOptions Id="DebugProbeParams">
        <Option Id="CAPTURE_COMPARE_VALUE" value="eq1&apos;bX"/>
        <Option Id="COMPARE_VALUE.0" value="eq1&apos;bX"/>
        <Option Id="DISPLAY_AS_ENUM" value="1"/>
        <Option Id="DISPLAY_HINT" value=""/>
        <Option Id="DISPLAY_RADIX" value="HEX"/>
        <Option Id="DISPLAY_VISIBILITY" value=""/>
        <Option Id="HW_ILA" value="hw_ila_2"/>
        <Option Id="LINK_TO_WAVEFORM" value="1"/>
        <Option Id="MAP" value="probe7[0]"/>
        <Option Id="NAME.CUSTOM" value=""/>
        <Option Id="NAME.SELECT" value="Long"/>
        <Option Id="SOURCE" value="netlist"/>
        <Option Id="TRIGGER_COMPARE_VALUE" value="eq1&apos;bX"/>
        <Option Id="WAVEFORM_STYLE" value="Digital"/>
      </probeOptions>
      <nets>
        <net name="bhhrg_i/axi_decoder_0/U0/master_repack/flusing"/>
      </nets>
    </probe>
    <probe type="ila" busType="net" source="netlist" spec="ILA_V2_RT">
      <probeOptions Id="DebugProbeParams">
        <Option Id="CAPTURE_COMPARE_VALUE" value="eq13&apos;hXXXX"/>
        <Option Id="COMPARE_VALUE.0" value="eq13&apos;hXXXX"/>
        <Option Id="DISPLAY_AS_ENUM" value="1"/>
        <Option Id="DISPLAY_HINT" value=""/>
        <Option Id="DISPLAY_RADIX" value="UNSIGNED"/>
        <Option Id="DISPLAY_VISIBILITY" value=""/>
        <Option Id="HW_ILA" value="hw_ila_2"/>
        <Option Id="LINK_TO_WAVEFORM" value="1"/>
        <Option Id="MAP" value="probe4[12:0]"/>
        <Option Id="NAME.CUSTOM" value=""/>
        <Option Id="NAME.SELECT" value="Long"/>
        <Option Id="SOURCE" value="netlist"/>
        <Option Id="TRIGGER_COMPARE_VALUE" value="eq13&apos;hXXXX"/>
        <Option Id="WAVEFORM_STYLE" value="Digital"/>
      </probeOptions>
      <nets>
        <net name="bhhrg_i/axi_decoder_0/U0/master_repack/store_cnt[12]"/>
        <net name="bhhrg_i/axi_decoder_0/U0/master_repack/store_cnt[11]"/>
        <net name="bhhrg_i/axi_decoder_0/U0/master_repack/store_cnt[10]"/>
        <net name="bhhrg_i/axi_decoder_0/U0/master_repack/store_cnt[9]"/>
        <net name="bhhrg_i/axi_decoder_0/U0/master_repack/store_cnt[8]"/>
        <net name="bhhrg_i/axi_decoder_0/U0/master_repack/store_cnt[7]"/>
        <net name="bhhrg_i/axi_decoder_0/U0/master_repack/store_cnt[6]"/>
        <net name="bhhrg_i/axi_decoder_0/U0/master_repack/store_cnt[5]"/>
        <net name="bhhrg_i/axi_decoder_0/U0/master_repack/store_cnt[4]"/>
        <net name="bhhrg_i/axi_decoder_0/U0/master_repack/store_cnt[3]"/>
        <net name="bhhrg_i/axi_decoder_0/U0/master_repack/store_cnt[2]"/>
        <net name="bhhrg_i/axi_decoder_0/U0/master_repack/store_cnt[1]"/>
        <net name="bhhrg_i/axi_decoder_0/U0/master_repack/store_cnt[0]"/>
      </nets>
    </probe>
    <probe type="ila" busType="net" source="netlist" spec="ILA_V2_RT">
      <probeOptions Id="DebugProbeParams">
        <Option Id="CAPTURE_COMPARE_VALUE" value="eq1&apos;bX"/>
        <Option Id="COMPARE_VALUE.0" value="eq1&apos;bX"/>
        <Option Id="DISPLAY_AS_ENUM" value="1"/>
        <Option Id="DISPLAY_HINT" value=""/>
        <Option Id="DISPLAY_RADIX" value="HEX"/>
        <Option Id="DISPLAY_VISIBILITY" value=""/>
        <Option Id="HW_ILA" value="hw_ila_2"/>
        <Option Id="LINK_TO_WAVEFORM" value="1"/>
        <Option Id="MAP" value="probe9[0]"/>
        <Option Id="NAME.CUSTOM" value=""/>
        <Option Id="NAME.SELECT" value="Long"/>
        <Option Id="SOURCE" value="netlist"/>
        <Option Id="TRIGGER_COMPARE_VALUE" value="eq1&apos;bX"/>
        <Option Id="WAVEFORM_STYLE" value="Digital"/>
      </probeOptions>
      <nets>
        <net name="bhhrg_i/axi_decoder_0/U0/slave_repack/flusing"/>
      </nets>
    </probe>
    <probe type="ila" busType="net" source="netlist" spec="ILA_V2_RT">
      <probeOptions Id="DebugProbeParams">
        <Option Id="CAPTURE_COMPARE_VALUE" value="eq13&apos;hXXXX"/>
        <Option Id="COMPARE_VALUE.0" value="eq13&apos;bB_BBBB_BBBB_BBBB"/>
        <Option Id="DISPLAY_AS_ENUM" value="1"/>
        <Option Id="DISPLAY_HINT" value=""/>
        <Option Id="DISPLAY_RADIX" value="HEX"/>
        <Option Id="DISPLAY_VISIBILITY" value=""/>
        <Option Id="HW_ILA" value="hw_ila_2"/>
        <Option Id="LINK_TO_WAVEFORM" value="1"/>
        <Option Id="MAP" value="probe5[12:0]"/>
        <Option Id="NAME.CUSTOM" value=""/>
        <Option Id="NAME.SELECT" value="Long"/>
        <Option Id="SOURCE" value="netlist"/>
        <Option Id="TRIGGER_COMPARE_VALUE" value="eq13&apos;bB_BBBB_BBBB_BBBB"/>
        <Option Id="WAVEFORM_STYLE" value="Digital"/>
      </probeOptions>
      <nets>
        <net name="bhhrg_i/axi_decoder_0/U0/slave_repack/store_cnt[12]"/>
        <net name="bhhrg_i/axi_decoder_0/U0/slave_repack/store_cnt[11]"/>
        <net name="bhhrg_i/axi_decoder_0/U0/slave_repack/store_cnt[10]"/>
        <net name="bhhrg_i/axi_decoder_0/U0/slave_repack/store_cnt[9]"/>
        <net name="bhhrg_i/axi_decoder_0/U0/slave_repack/store_cnt[8]"/>
        <net name="bhhrg_i/axi_decoder_0/U0/slave_repack/store_cnt[7]"/>
        <net name="bhhrg_i/axi_decoder_0/U0/slave_repack/store_cnt[6]"/>
        <net name="bhhrg_i/axi_decoder_0/U0/slave_repack/store_cnt[5]"/>
        <net name="bhhrg_i/axi_decoder_0/U0/slave_repack/store_cnt[4]"/>
        <net name="bhhrg_i/axi_decoder_0/U0/slave_repack/store_cnt[3]"/>
        <net name="bhhrg_i/axi_decoder_0/U0/slave_repack/store_cnt[2]"/>
        <net name="bhhrg_i/axi_decoder_0/U0/slave_repack/store_cnt[1]"/>
        <net name="bhhrg_i/axi_decoder_0/U0/slave_repack/store_cnt[0]"/>
      </nets>
    </probe>
    <probe type="ila" busType="net" source="netlist" spec="ILA_V2_RT">
      <probeOptions Id="DebugProbeParams">
        <Option Id="CAPTURE_COMPARE_VALUE" value="eq1&apos;bX"/>
        <Option Id="COMPARE_VALUE.0" value="eq1&apos;bX"/>
        <Option Id="DISPLAY_AS_ENUM" value="1"/>
        <Option Id="DISPLAY_HINT" value=""/>
        <Option Id="DISPLAY_RADIX" value="HEX"/>
        <Option Id="DISPLAY_VISIBILITY" value=""/>
        <Option Id="HW_ILA" value="hw_ila_2"/>
        <Option Id="LINK_TO_WAVEFORM" value="1"/>
        <Option Id="MAP" value="probe6[0]"/>
        <Option Id="NAME.CUSTOM" value=""/>
        <Option Id="NAME.SELECT" value="Long"/>
        <Option Id="SOURCE" value="netlist"/>
        <Option Id="TRIGGER_COMPARE_VALUE" value="eq1&apos;bX"/>
        <Option Id="WAVEFORM_STYLE" value="Digital"/>
      </probeOptions>
      <nets>
        <net name="bhhrg_i/axi_encoder_0/U0/master_repack/flusing"/>
      </nets>
    </probe>
    <probe type="ila" busType="net" source="netlist" spec="ILA_V2_RT">
      <probeOptions Id="DebugProbeParams">
        <Option Id="CAPTURE_COMPARE_VALUE" value="eq13&apos;hXXXX"/>
        <Option Id="COMPARE_VALUE.0" value="eq13&apos;hXXXX"/>
        <Option Id="DISPLAY_AS_ENUM" value="1"/>
        <Option Id="DISPLAY_HINT" value=""/>
        <Option Id="DISPLAY_RADIX" value="HEX"/>
        <Option Id="DISPLAY_VISIBILITY" value=""/>
        <Option Id="HW_ILA" value="hw_ila_2"/>
        <Option Id="LINK_TO_WAVEFORM" value="1"/>
        <Option Id="MAP" value="probe1[12:0]"/>
        <Option Id="NAME.CUSTOM" value=""/>
        <Option Id="NAME.SELECT" value="Long"/>
        <Option Id="SOURCE" value="netlist"/>
        <Option Id="TRIGGER_COMPARE_VALUE" value="eq13&apos;hXXXX"/>
        <Option Id="WAVEFORM_STYLE" value="Digital"/>
      </probeOptions>
      <nets>
        <net name="bhhrg_i/axi_encoder_0/U0/master_repack/store_cnt[12]"/>
        <net name="bhhrg_i/axi_encoder_0/U0/master_repack/store_cnt[11]"/>
        <net name="bhhrg_i/axi_encoder_0/U0/master_repack/store_cnt[10]"/>
        <net name="bhhrg_i/axi_encoder_0/U0/master_repack/store_cnt[9]"/>
        <net name="bhhrg_i/axi_encoder_0/U0/master_repack/store_cnt[8]"/>
        <net name="bhhrg_i/axi_encoder_0/U0/master_repack/store_cnt[7]"/>
        <net name="bhhrg_i/axi_encoder_0/U0/master_repack/store_cnt[6]"/>
        <net name="bhhrg_i/axi_encoder_0/U0/master_repack/store_cnt[5]"/>
        <net name="bhhrg_i/axi_encoder_0/U0/master_repack/store_cnt[4]"/>
        <net name="bhhrg_i/axi_encoder_0/U0/master_repack/store_cnt[3]"/>
        <net name="bhhrg_i/axi_encoder_0/U0/master_repack/store_cnt[2]"/>
        <net name="bhhrg_i/axi_encoder_0/U0/master_repack/store_cnt[1]"/>
        <net name="bhhrg_i/axi_encoder_0/U0/master_repack/store_cnt[0]"/>
      </nets>
    </probe>
    <probe type="ila" busType="net" source="netlist" spec="ILA_V2_RT">
      <probeOptions Id="DebugProbeParams">
        <Option Id="CAPTURE_COMPARE_VALUE" value="eq1&apos;bX"/>
        <Option Id="COMPARE_VALUE.0" value="eq1&apos;bX"/>
        <Option Id="DISPLAY_AS_ENUM" value="1"/>
        <Option Id="DISPLAY_HINT" value=""/>
        <Option Id="DISPLAY_RADIX" value="HEX"/>
        <Option Id="DISPLAY_VISIBILITY" value=""/>
        <Option Id="HW_ILA" value="hw_ila_2"/>
        <Option Id="LINK_TO_WAVEFORM" value="1"/>
        <Option Id="MAP" value="probe11[0]"/>
        <Option Id="NAME.CUSTOM" value=""/>
        <Option Id="NAME.SELECT" value="Long"/>
        <Option Id="SOURCE" value="netlist"/>
        <Option Id="TRIGGER_COMPARE_VALUE" value="eq1&apos;bX"/>
        <Option Id="WAVEFORM_STYLE" value="Digital"/>
      </probeOptions>
      <nets>
        <net name="bhhrg_i/axi_encoder_0/U0/slave_repack/flusing"/>
      </nets>
    </probe>
    <probe type="ila" busType="net" source="netlist" spec="ILA_V2_RT">
      <probeOptions Id="DebugProbeParams">
        <Option Id="CAPTURE_COMPARE_VALUE" value="eq13&apos;hXXXX"/>
        <Option Id="COMPARE_VALUE.0" value="eq13&apos;hXXXX"/>
        <Option Id="DISPLAY_AS_ENUM" value="1"/>
        <Option Id="DISPLAY_HINT" value=""/>
        <Option Id="DISPLAY_RADIX" value="HEX"/>
        <Option Id="DISPLAY_VISIBILITY" value=""/>
        <Option Id="HW_ILA" value="hw_ila_2"/>
        <Option Id="LINK_TO_WAVEFORM" value="1"/>
        <Option Id="MAP" value="probe2[12:0]"/>
        <Option Id="NAME.CUSTOM" value=""/>
        <Option Id="NAME.SELECT" value="Long"/>
        <Option Id="SOURCE" value="netlist"/>
        <Option Id="TRIGGER_COMPARE_VALUE" value="eq13&apos;hXXXX"/>
        <Option Id="WAVEFORM_STYLE" value="Digital"/>
      </probeOptions>
      <nets>
        <net name="bhhrg_i/axi_encoder_0/U0/slave_repack/store_cnt[12]"/>
        <net name="bhhrg_i/axi_encoder_0/U0/slave_repack/store_cnt[11]"/>
        <net name="bhhrg_i/axi_encoder_0/U0/slave_repack/store_cnt[10]"/>
        <net name="bhhrg_i/axi_encoder_0/U0/slave_repack/store_cnt[9]"/>
        <net name="bhhrg_i/axi_encoder_0/U0/slave_repack/store_cnt[8]"/>
        <net name="bhhrg_i/axi_encoder_0/U0/slave_repack/store_cnt[7]"/>
        <net name="bhhrg_i/axi_encoder_0/U0/slave_repack/store_cnt[6]"/>
        <net name="bhhrg_i/axi_encoder_0/U0/slave_repack/store_cnt[5]"/>
        <net name="bhhrg_i/axi_encoder_0/U0/slave_repack/store_cnt[4]"/>
        <net name="bhhrg_i/axi_encoder_0/U0/slave_repack/store_cnt[3]"/>
        <net name="bhhrg_i/axi_encoder_0/U0/slave_repack/store_cnt[2]"/>
        <net name="bhhrg_i/axi_encoder_0/U0/slave_repack/store_cnt[1]"/>
        <net name="bhhrg_i/axi_encoder_0/U0/slave_repack/store_cnt[0]"/>
      </nets>
    </probe>
    <probe type="ila" busType="net" source="netlist" spec="ILA_V2_RT">
      <probeOptions Id="DebugProbeParams">
        <Option Id="CAPTURE_COMPARE_VALUE" value="eq32&apos;hXXXX_XXXX"/>
        <Option Id="COMPARE_VALUE.0" value="eq32&apos;hXXXX_XXXX"/>
        <Option Id="DISPLAY_AS_ENUM" value="1"/>
        <Option Id="DISPLAY_HINT" value=""/>
        <Option Id="DISPLAY_RADIX" value="BINARY"/>
        <Option Id="DISPLAY_VISIBILITY" value=""/>
        <Option Id="HW_ILA" value="hw_ila_1"/>
        <Option Id="LINK_TO_WAVEFORM" value="1"/>
        <Option Id="MAP" value="probe1[31:0]"/>
        <Option Id="NAME.CUSTOM" value=""/>
        <Option Id="NAME.SELECT" value="Long"/>
        <Option Id="SOURCE" value="netlist"/>
        <Option Id="TRIGGER_COMPARE_VALUE" value="eq32&apos;hXXXX_XXXX"/>
        <Option Id="WAVEFORM_STYLE" value="Digital"/>
      </probeOptions>
      <nets>
        <net name="bhhrg_i/axi_fifo_mm_s_0_axi_str_txd_tdata[31]"/>
        <net name="bhhrg_i/axi_fifo_mm_s_0_axi_str_txd_tdata[30]"/>
        <net name="bhhrg_i/axi_fifo_mm_s_0_axi_str_txd_tdata[29]"/>
        <net name="bhhrg_i/axi_fifo_mm_s_0_axi_str_txd_tdata[28]"/>
        <net name="bhhrg_i/axi_fifo_mm_s_0_axi_str_txd_tdata[27]"/>
        <net name="bhhrg_i/axi_fifo_mm_s_0_axi_str_txd_tdata[26]"/>
        <net name="bhhrg_i/axi_fifo_mm_s_0_axi_str_txd_tdata[25]"/>
        <net name="bhhrg_i/axi_fifo_mm_s_0_axi_str_txd_tdata[24]"/>
        <net name="bhhrg_i/axi_fifo_mm_s_0_axi_str_txd_tdata[23]"/>
        <net name="bhhrg_i/axi_fifo_mm_s_0_axi_str_txd_tdata[22]"/>
        <net name="bhhrg_i/axi_fifo_mm_s_0_axi_str_txd_tdata[21]"/>
        <net name="bhhrg_i/axi_fifo_mm_s_0_axi_str_txd_tdata[20]"/>
        <net name="bhhrg_i/axi_fifo_mm_s_0_axi_str_txd_tdata[19]"/>
        <net name="bhhrg_i/axi_fifo_mm_s_0_axi_str_txd_tdata[18]"/>
        <net name="bhhrg_i/axi_fifo_mm_s_0_axi_str_txd_tdata[17]"/>
        <net name="bhhrg_i/axi_fifo_mm_s_0_axi_str_txd_tdata[16]"/>
        <net name="bhhrg_i/axi_fifo_mm_s_0_axi_str_txd_tdata[15]"/>
        <net name="bhhrg_i/axi_fifo_mm_s_0_axi_str_txd_tdata[14]"/>
        <net name="bhhrg_i/axi_fifo_mm_s_0_axi_str_txd_tdata[13]"/>
        <net name="bhhrg_i/axi_fifo_mm_s_0_axi_str_txd_tdata[12]"/>
        <net name="bhhrg_i/axi_fifo_mm_s_0_axi_str_txd_tdata[11]"/>
        <net name="bhhrg_i/axi_fifo_mm_s_0_axi_str_txd_tdata[10]"/>
        <net name="bhhrg_i/axi_fifo_mm_s_0_axi_str_txd_tdata[9]"/>
        <net name="bhhrg_i/axi_fifo_mm_s_0_axi_str_txd_tdata[8]"/>
        <net name="bhhrg_i/axi_fifo_mm_s_0_axi_str_txd_tdata[7]"/>
        <net name="bhhrg_i/axi_fifo_mm_s_0_axi_str_txd_tdata[6]"/>
        <net name="bhhrg_i/axi_fifo_mm_s_0_axi_str_txd_tdata[5]"/>
        <net name="bhhrg_i/axi_fifo_mm_s_0_axi_str_txd_tdata[4]"/>
        <net name="bhhrg_i/axi_fifo_mm_s_0_axi_str_txd_tdata[3]"/>
        <net name="bhhrg_i/axi_fifo_mm_s_0_axi_str_txd_tdata[2]"/>
        <net name="bhhrg_i/axi_fifo_mm_s_0_axi_str_txd_tdata[1]"/>
        <net name="bhhrg_i/axi_fifo_mm_s_0_axi_str_txd_tdata[0]"/>
      </nets>
    </probe>
    <probe type="ila" busType="net" source="netlist" spec="ILA_V2_RT">
      <probeOptions Id="DebugProbeParams">
        <Option Id="CAPTURE_COMPARE_VALUE" value="eq1&apos;bX"/>
        <Option Id="COMPARE_VALUE.0" value="eq1&apos;bX"/>
        <Option Id="DISPLAY_AS_ENUM" value="1"/>
        <Option Id="DISPLAY_HINT" value=""/>
        <Option Id="DISPLAY_RADIX" value="HEX"/>
        <Option Id="DISPLAY_VISIBILITY" value=""/>
        <Option Id="HW_ILA" value="hw_ila_1"/>
        <Option Id="LINK_TO_WAVEFORM" value="1"/>
        <Option Id="MAP" value="probe3[0]"/>
        <Option Id="NAME.CUSTOM" value=""/>
        <Option Id="NAME.SELECT" value="Long"/>
        <Option Id="SOURCE" value="netlist"/>
        <Option Id="TRIGGER_COMPARE_VALUE" value="eq1&apos;bX"/>
        <Option Id="WAVEFORM_STYLE" value="Digital"/>
      </probeOptions>
      <nets>
        <net name="bhhrg_i/axi_fifo_mm_s_0_axi_str_txd_tlast"/>
      </nets>
    </probe>
    <probe type="ila" busType="net" source="netlist" spec="ILA_V2_RT">
      <probeOptions Id="DebugProbeParams">
        <Option Id="CAPTURE_COMPARE_VALUE" value="eq1&apos;bX"/>
        <Option Id="COMPARE_VALUE.0" value="eq1&apos;bR"/>
        <Option Id="DISPLAY_AS_ENUM" value="1"/>
        <Option Id="DISPLAY_HINT" value=""/>
        <Option Id="DISPLAY_RADIX" value="HEX"/>
        <Option Id="DISPLAY_VISIBILITY" value=""/>
        <Option Id="HW_ILA" value="hw_ila_1"/>
        <Option Id="LINK_TO_WAVEFORM" value="1"/>
        <Option Id="MAP" value="probe4[0]"/>
        <Option Id="NAME.CUSTOM" value=""/>
        <Option Id="NAME.SELECT" value="Long"/>
        <Option Id="SOURCE" value="netlist"/>
        <Option Id="TRIGGER_COMPARE_VALUE" value="eq1&apos;bR"/>
        <Option Id="WAVEFORM_STYLE" value="Digital"/>
      </probeOptions>
      <nets>
        <net name="bhhrg_i/axi_fifo_mm_s_0_axi_str_txd_tvalid"/>
      </nets>
    </probe>
    <probe type="ila" busType="net" source="netlist" spec="ILA_V2_RT">
      <probeOptions Id="DebugProbeParams">
        <Option Id="CAPTURE_COMPARE_VALUE" value="eq32&apos;hXXXX_XXXX"/>
        <Option Id="COMPARE_VALUE.0" value="eq32&apos;hXXXX_XXXX"/>
        <Option Id="DISPLAY_AS_ENUM" value="1"/>
        <Option Id="DISPLAY_HINT" value=""/>
        <Option Id="DISPLAY_RADIX" value="HEX"/>
        <Option Id="DISPLAY_VISIBILITY" value=""/>
        <Option Id="HW_ILA" value="hw_ila_1"/>
        <Option Id="LINK_TO_WAVEFORM" value="1"/>
        <Option Id="MAP" value="probe0[31:0]"/>
        <Option Id="NAME.CUSTOM" value=""/>
        <Option Id="NAME.SELECT" value="Long"/>
        <Option Id="SOURCE" value="netlist"/>
        <Option Id="TRIGGER_COMPARE_VALUE" value="eq32&apos;hXXXX_XXXX"/>
        <Option Id="WAVEFORM_STYLE" value="Digital"/>
      </probeOptions>
      <nets>
        <net name="bhhrg_i/axi_gpio_0_gpio2_io_o[31]"/>
        <net name="bhhrg_i/axi_gpio_0_gpio2_io_o[30]"/>
        <net name="bhhrg_i/axi_gpio_0_gpio2_io_o[29]"/>
        <net name="bhhrg_i/axi_gpio_0_gpio2_io_o[28]"/>
        <net name="bhhrg_i/axi_gpio_0_gpio2_io_o[27]"/>
        <net name="bhhrg_i/axi_gpio_0_gpio2_io_o[26]"/>
        <net name="bhhrg_i/axi_gpio_0_gpio2_io_o[25]"/>
        <net name="bhhrg_i/axi_gpio_0_gpio2_io_o[24]"/>
        <net name="bhhrg_i/axi_gpio_0_gpio2_io_o[23]"/>
        <net name="bhhrg_i/axi_gpio_0_gpio2_io_o[22]"/>
        <net name="bhhrg_i/axi_gpio_0_gpio2_io_o[21]"/>
        <net name="bhhrg_i/axi_gpio_0_gpio2_io_o[20]"/>
        <net name="bhhrg_i/axi_gpio_0_gpio2_io_o[19]"/>
        <net name="bhhrg_i/axi_gpio_0_gpio2_io_o[18]"/>
        <net name="bhhrg_i/axi_gpio_0_gpio2_io_o[17]"/>
        <net name="bhhrg_i/axi_gpio_0_gpio2_io_o[16]"/>
        <net name="bhhrg_i/axi_gpio_0_gpio2_io_o[15]"/>
        <net name="bhhrg_i/axi_gpio_0_gpio2_io_o[14]"/>
        <net name="bhhrg_i/axi_gpio_0_gpio2_io_o[13]"/>
        <net name="bhhrg_i/axi_gpio_0_gpio2_io_o[12]"/>
        <net name="bhhrg_i/axi_gpio_0_gpio2_io_o[11]"/>
        <net name="bhhrg_i/axi_gpio_0_gpio2_io_o[10]"/>
        <net name="bhhrg_i/axi_gpio_0_gpio2_io_o[9]"/>
        <net name="bhhrg_i/axi_gpio_0_gpio2_io_o[8]"/>
        <net name="bhhrg_i/axi_gpio_0_gpio2_io_o[7]"/>
        <net name="bhhrg_i/axi_gpio_0_gpio2_io_o[6]"/>
        <net name="bhhrg_i/axi_gpio_0_gpio2_io_o[5]"/>
        <net name="bhhrg_i/axi_gpio_0_gpio2_io_o[4]"/>
        <net name="bhhrg_i/axi_gpio_0_gpio2_io_o[3]"/>
        <net name="bhhrg_i/axi_gpio_0_gpio2_io_o[2]"/>
        <net name="bhhrg_i/axi_gpio_0_gpio2_io_o[1]"/>
        <net name="bhhrg_i/axi_gpio_0_gpio2_io_o[0]"/>
      </nets>
    </probe>
    <probe type="ila" busType="net" source="netlist" spec="ILA_V2_RT">
      <probeOptions Id="DebugProbeParams">
        <Option Id="CAPTURE_COMPARE_VALUE" value="eq32&apos;hXXXX_XXXX"/>
        <Option Id="COMPARE_VALUE.0" value="eq32&apos;b1XXX_XXXX_XXXX_XXXX_XXXX_XXXX_XXXX_XXXX"/>
        <Option Id="DISPLAY_AS_ENUM" value="1"/>
        <Option Id="DISPLAY_HINT" value=""/>
        <Option Id="DISPLAY_RADIX" value="HEX"/>
        <Option Id="DISPLAY_VISIBILITY" value=""/>
        <Option Id="HW_ILA" value="hw_ila_1"/>
        <Option Id="LINK_TO_WAVEFORM" value="1"/>
        <Option Id="MAP" value="probe0[31:0]"/>
        <Option Id="NAME.CUSTOM" value=""/>
        <Option Id="NAME.SELECT" value="Long"/>
        <Option Id="SOURCE" value="netlist"/>
        <Option Id="TRIGGER_COMPARE_VALUE" value="eq32&apos;b1XXX_XXXX_XXXX_XXXX_XXXX_XXXX_XXXX_XXXX"/>
        <Option Id="WAVEFORM_STYLE" value="Digital"/>
      </probeOptions>
      <nets>
        <net name="bhhrg_i/axi_gpio_0_gpio_io_o[31]"/>
        <net name="bhhrg_i/axi_gpio_0_gpio_io_o[30]"/>
        <net name="bhhrg_i/axi_gpio_0_gpio_io_o[29]"/>
        <net name="bhhrg_i/axi_gpio_0_gpio_io_o[28]"/>
        <net name="bhhrg_i/axi_gpio_0_gpio_io_o[27]"/>
        <net name="bhhrg_i/axi_gpio_0_gpio_io_o[26]"/>
        <net name="bhhrg_i/axi_gpio_0_gpio_io_o[25]"/>
        <net name="bhhrg_i/axi_gpio_0_gpio_io_o[24]"/>
        <net name="bhhrg_i/axi_gpio_0_gpio_io_o[23]"/>
        <net name="bhhrg_i/axi_gpio_0_gpio_io_o[22]"/>
        <net name="bhhrg_i/axi_gpio_0_gpio_io_o[21]"/>
        <net name="bhhrg_i/axi_gpio_0_gpio_io_o[20]"/>
        <net name="bhhrg_i/axi_gpio_0_gpio_io_o[19]"/>
        <net name="bhhrg_i/axi_gpio_0_gpio_io_o[18]"/>
        <net name="bhhrg_i/axi_gpio_0_gpio_io_o[17]"/>
        <net name="bhhrg_i/axi_gpio_0_gpio_io_o[16]"/>
        <net name="bhhrg_i/axi_gpio_0_gpio_io_o[15]"/>
        <net name="bhhrg_i/axi_gpio_0_gpio_io_o[14]"/>
        <net name="bhhrg_i/axi_gpio_0_gpio_io_o[13]"/>
        <net name="bhhrg_i/axi_gpio_0_gpio_io_o[12]"/>
        <net name="bhhrg_i/axi_gpio_0_gpio_io_o[11]"/>
        <net name="bhhrg_i/axi_gpio_0_gpio_io_o[10]"/>
        <net name="bhhrg_i/axi_gpio_0_gpio_io_o[9]"/>
        <net name="bhhrg_i/axi_gpio_0_gpio_io_o[8]"/>
        <net name="bhhrg_i/axi_gpio_0_gpio_io_o[7]"/>
        <net name="bhhrg_i/axi_gpio_0_gpio_io_o[6]"/>
        <net name="bhhrg_i/axi_gpio_0_gpio_io_o[5]"/>
        <net name="bhhrg_i/axi_gpio_0_gpio_io_o[4]"/>
        <net name="bhhrg_i/axi_gpio_0_gpio_io_o[3]"/>
        <net name="bhhrg_i/axi_gpio_0_gpio_io_o[2]"/>
        <net name="bhhrg_i/axi_gpio_0_gpio_io_o[1]"/>
        <net name="bhhrg_i/axi_gpio_0_gpio_io_o[0]"/>
      </nets>
    </probe>
    <probe type="ila" busType="net" source="netlist" spec="ILA_V2_RT">
      <probeOptions Id="DebugProbeParams">
        <Option Id="CAPTURE_COMPARE_VALUE" value="eq1&apos;bX"/>
        <Option Id="COMPARE_VALUE.0" value="eq1&apos;bX"/>
        <Option Id="DISPLAY_AS_ENUM" value="1"/>
        <Option Id="DISPLAY_HINT" value=""/>
        <Option Id="DISPLAY_RADIX" value="HEX"/>
        <Option Id="DISPLAY_VISIBILITY" value=""/>
        <Option Id="HW_ILA" value="hw_ila_2"/>
        <Option Id="LINK_TO_WAVEFORM" value="1"/>
        <Option Id="MAP" value="probe8[0]"/>
        <Option Id="NAME.CUSTOM" value=""/>
        <Option Id="NAME.SELECT" value="Long"/>
        <Option Id="SOURCE" value="netlist"/>
        <Option Id="TRIGGER_COMPARE_VALUE" value="eq1&apos;bX"/>
        <Option Id="WAVEFORM_STYLE" value="Digital"/>
      </probeOptions>
      <nets>
        <net name="bhhrg_i/bit_to_signed_0/U0/master_repack/flusing"/>
      </nets>
    </probe>
    <probe type="ila" busType="net" source="netlist" spec="ILA_V2_RT">
      <probeOptions Id="DebugProbeParams">
        <Option Id="CAPTURE_COMPARE_VALUE" value="eq13&apos;hXXXX"/>
        <Option Id="COMPARE_VALUE.0" value="eq13&apos;hXXXX"/>
        <Option Id="DISPLAY_AS_ENUM" value="1"/>
        <Option Id="DISPLAY_HINT" value=""/>
        <Option Id="DISPLAY_RADIX" value="HEX"/>
        <Option Id="DISPLAY_VISIBILITY" value=""/>
        <Option Id="HW_ILA" value="hw_ila_2"/>
        <Option Id="LINK_TO_WAVEFORM" value="1"/>
        <Option Id="MAP" value="probe3[12:0]"/>
        <Option Id="NAME.CUSTOM" value=""/>
        <Option Id="NAME.SELECT" value="Long"/>
        <Option Id="SOURCE" value="netlist"/>
        <Option Id="TRIGGER_COMPARE_VALUE" value="eq13&apos;hXXXX"/>
        <Option Id="WAVEFORM_STYLE" value="Digital"/>
      </probeOptions>
      <nets>
        <net name="bhhrg_i/bit_to_signed_0/U0/master_repack/store_cnt[12]"/>
        <net name="bhhrg_i/bit_to_signed_0/U0/master_repack/store_cnt[11]"/>
        <net name="bhhrg_i/bit_to_signed_0/U0/master_repack/store_cnt[10]"/>
        <net name="bhhrg_i/bit_to_signed_0/U0/master_repack/store_cnt[9]"/>
        <net name="bhhrg_i/bit_to_signed_0/U0/master_repack/store_cnt[8]"/>
        <net name="bhhrg_i/bit_to_signed_0/U0/master_repack/store_cnt[7]"/>
        <net name="bhhrg_i/bit_to_signed_0/U0/master_repack/store_cnt[6]"/>
        <net name="bhhrg_i/bit_to_signed_0/U0/master_repack/store_cnt[5]"/>
        <net name="bhhrg_i/bit_to_signed_0/U0/master_repack/store_cnt[4]"/>
        <net name="bhhrg_i/bit_to_signed_0/U0/master_repack/store_cnt[3]"/>
        <net name="bhhrg_i/bit_to_signed_0/U0/master_repack/store_cnt[2]"/>
        <net name="bhhrg_i/bit_to_signed_0/U0/master_repack/store_cnt[1]"/>
        <net name="bhhrg_i/bit_to_signed_0/U0/master_repack/store_cnt[0]"/>
      </nets>
    </probe>
    <probe type="ila" busType="net" source="netlist" spec="ILA_V2_RT">
      <probeOptions Id="DebugProbeParams">
        <Option Id="CAPTURE_COMPARE_VALUE" value="eq1&apos;bX"/>
        <Option Id="COMPARE_VALUE.0" value="eq1&apos;bX"/>
        <Option Id="DISPLAY_AS_ENUM" value="1"/>
        <Option Id="DISPLAY_HINT" value=""/>
        <Option Id="DISPLAY_RADIX" value="HEX"/>
        <Option Id="DISPLAY_VISIBILITY" value=""/>
        <Option Id="HW_ILA" value="hw_ila_2"/>
        <Option Id="LINK_TO_WAVEFORM" value="1"/>
        <Option Id="MAP" value="probe10[0]"/>
        <Option Id="NAME.CUSTOM" value=""/>
        <Option Id="NAME.SELECT" value="Long"/>
        <Option Id="SOURCE" value="netlist"/>
        <Option Id="TRIGGER_COMPARE_VALUE" value="eq1&apos;bX"/>
        <Option Id="WAVEFORM_STYLE" value="Digital"/>
      </probeOptions>
      <nets>
        <net name="bhhrg_i/bit_to_signed_0/U0/slave_repack/flusing"/>
      </nets>
    </probe>
    <probe type="ila" busType="net" source="netlist" spec="ILA_V2_RT">
      <probeOptions Id="DebugProbeParams">
        <Option Id="CAPTURE_COMPARE_VALUE" value="eq13&apos;hXXXX"/>
        <Option Id="COMPARE_VALUE.0" value="eq13&apos;hXXXX"/>
        <Option Id="DISPLAY_AS_ENUM" value="1"/>
        <Option Id="DISPLAY_HINT" value=""/>
        <Option Id="DISPLAY_RADIX" value="HEX"/>
        <Option Id="DISPLAY_VISIBILITY" value=""/>
        <Option Id="HW_ILA" value="hw_ila_2"/>
        <Option Id="LINK_TO_WAVEFORM" value="1"/>
        <Option Id="MAP" value="probe0[12:0]"/>
        <Option Id="NAME.CUSTOM" value=""/>
        <Option Id="NAME.SELECT" value="Long"/>
        <Option Id="SOURCE" value="netlist"/>
        <Option Id="TRIGGER_COMPARE_VALUE" value="eq13&apos;hXXXX"/>
        <Option Id="WAVEFORM_STYLE" value="Digital"/>
      </probeOptions>
      <nets>
        <net name="bhhrg_i/bit_to_signed_0/U0/slave_repack/store_cnt[12]"/>
        <net name="bhhrg_i/bit_to_signed_0/U0/slave_repack/store_cnt[11]"/>
        <net name="bhhrg_i/bit_to_signed_0/U0/slave_repack/store_cnt[10]"/>
        <net name="bhhrg_i/bit_to_signed_0/U0/slave_repack/store_cnt[9]"/>
        <net name="bhhrg_i/bit_to_signed_0/U0/slave_repack/store_cnt[8]"/>
        <net name="bhhrg_i/bit_to_signed_0/U0/slave_repack/store_cnt[7]"/>
        <net name="bhhrg_i/bit_to_signed_0/U0/slave_repack/store_cnt[6]"/>
        <net name="bhhrg_i/bit_to_signed_0/U0/slave_repack/store_cnt[5]"/>
        <net name="bhhrg_i/bit_to_signed_0/U0/slave_repack/store_cnt[4]"/>
        <net name="bhhrg_i/bit_to_signed_0/U0/slave_repack/store_cnt[3]"/>
        <net name="bhhrg_i/bit_to_signed_0/U0/slave_repack/store_cnt[2]"/>
        <net name="bhhrg_i/bit_to_signed_0/U0/slave_repack/store_cnt[1]"/>
        <net name="bhhrg_i/bit_to_signed_0/U0/slave_repack/store_cnt[0]"/>
      </nets>
    </probe>
    <probe type="ila" busType="net" source="netlist" spec="ILA_V2_RT">
      <probeOptions Id="DebugProbeParams">
        <Option Id="CAPTURE_COMPARE_VALUE" value="eq16&apos;hXXXX"/>
        <Option Id="COMPARE_VALUE.0" value="eq16&apos;hXXXX"/>
        <Option Id="DISPLAY_AS_ENUM" value="1"/>
        <Option Id="DISPLAY_HINT" value=""/>
        <Option Id="DISPLAY_RADIX" value="HEX"/>
        <Option Id="DISPLAY_VISIBILITY" value=""/>
        <Option Id="HW_ILA" value="hw_ila_2"/>
        <Option Id="LINK_TO_WAVEFORM" value="1"/>
        <Option Id="MAP" value="probe2[15:0]"/>
        <Option Id="NAME.CUSTOM" value=""/>
        <Option Id="NAME.SELECT" value="Long"/>
        <Option Id="SOURCE" value="netlist"/>
        <Option Id="TRIGGER_COMPARE_VALUE" value="eq16&apos;hXXXX"/>
        <Option Id="WAVEFORM_STYLE" value="Digital"/>
      </probeOptions>
      <nets>
        <net name="bhhrg_i/example_0_output_r_TDATA[15]"/>
        <net name="bhhrg_i/example_0_output_r_TDATA[14]"/>
        <net name="bhhrg_i/example_0_output_r_TDATA[13]"/>
        <net name="bhhrg_i/example_0_output_r_TDATA[12]"/>
        <net name="bhhrg_i/example_0_output_r_TDATA[11]"/>
        <net name="bhhrg_i/example_0_output_r_TDATA[10]"/>
        <net name="bhhrg_i/example_0_output_r_TDATA[9]"/>
        <net name="bhhrg_i/example_0_output_r_TDATA[8]"/>
        <net name="bhhrg_i/example_0_output_r_TDATA[7]"/>
        <net name="bhhrg_i/example_0_output_r_TDATA[6]"/>
        <net name="bhhrg_i/example_0_output_r_TDATA[5]"/>
        <net name="bhhrg_i/example_0_output_r_TDATA[4]"/>
        <net name="bhhrg_i/example_0_output_r_TDATA[3]"/>
        <net name="bhhrg_i/example_0_output_r_TDATA[2]"/>
        <net name="bhhrg_i/example_0_output_r_TDATA[1]"/>
        <net name="bhhrg_i/example_0_output_r_TDATA[0]"/>
      </nets>
    </probe>
    <probe type="ila" busType="net" source="netlist" spec="ILA_V2_RT">
      <probeOptions Id="DebugProbeParams">
        <Option Id="CAPTURE_COMPARE_VALUE" value="eq1&apos;bX"/>
        <Option Id="COMPARE_VALUE.0" value="eq1&apos;bX"/>
        <Option Id="DISPLAY_AS_ENUM" value="1"/>
        <Option Id="DISPLAY_HINT" value=""/>
        <Option Id="DISPLAY_RADIX" value="HEX"/>
        <Option Id="DISPLAY_VISIBILITY" value=""/>
        <Option Id="HW_ILA" value="hw_ila_2"/>
        <Option Id="LINK_TO_WAVEFORM" value="1"/>
        <Option Id="MAP" value="probe7[0]"/>
        <Option Id="NAME.CUSTOM" value=""/>
        <Option Id="NAME.SELECT" value="Long"/>
        <Option Id="SOURCE" value="netlist"/>
        <Option Id="TRIGGER_COMPARE_VALUE" value="eq1&apos;bX"/>
        <Option Id="WAVEFORM_STYLE" value="Digital"/>
      </probeOptions>
      <nets>
        <net name="bhhrg_i/example_0_output_r_TREADY"/>
      </nets>
    </probe>
    <probe type="ila" busType="net" source="netlist" spec="ILA_V2_RT">
      <probeOptions Id="DebugProbeParams">
        <Option Id="CAPTURE_COMPARE_VALUE" value="eq1&apos;bX"/>
        <Option Id="COMPARE_VALUE.0" value="eq1&apos;bX"/>
        <Option Id="DISPLAY_AS_ENUM" value="1"/>
        <Option Id="DISPLAY_HINT" value=""/>
        <Option Id="DISPLAY_RADIX" value="HEX"/>
        <Option Id="DISPLAY_VISIBILITY" value=""/>
        <Option Id="HW_ILA" value="hw_ila_2"/>
        <Option Id="LINK_TO_WAVEFORM" value="1"/>
        <Option Id="MAP" value="probe8[0]"/>
        <Option Id="NAME.CUSTOM" value=""/>
        <Option Id="NAME.SELECT" value="Long"/>
        <Option Id="SOURCE" value="netlist"/>
        <Option Id="TRIGGER_COMPARE_VALUE" value="eq1&apos;bX"/>
        <Option Id="WAVEFORM_STYLE" value="Digital"/>
      </probeOptions>
      <nets>
        <net name="bhhrg_i/example_0_output_r_TVALID"/>
      </nets>
    </probe>
    <probe type="ila" busType="net" source="netlist" spec="ILA_V2_RT">
      <probeOptions Id="DebugProbeParams">
        <Option Id="CAPTURE_COMPARE_VALUE" value="eq32&apos;hXXXX_XXXX"/>
        <Option Id="COMPARE_VALUE.0" value="eq32&apos;hXXXX_XXXX"/>
        <Option Id="DISPLAY_AS_ENUM" value="1"/>
        <Option Id="DISPLAY_HINT" value=""/>
        <Option Id="DISPLAY_RADIX" value="HEX"/>
        <Option Id="DISPLAY_VISIBILITY" value=""/>
        <Option Id="HW_ILA" value="hw_ila_1"/>
        <Option Id="LINK_TO_WAVEFORM" value="1"/>
        <Option Id="MAP" value="probe0[31:0]"/>
        <Option Id="NAME.CUSTOM" value="slot_0 : axi_cmp_0_m : TDATA"/>
        <Option Id="NAME.SELECT" value="Custom"/>
        <Option Id="SOURCE" value="netlist"/>
        <Option Id="TRIGGER_COMPARE_VALUE" value="eq32&apos;hXXXX_XXXX"/>
        <Option Id="WAVEFORM_STYLE" value="Digital"/>
      </probeOptions>
      <nets>
        <net name="bhhrg_i/system_ila_0/U0/net_slot_0_axis_tdata[31]"/>
        <net name="bhhrg_i/system_ila_0/U0/net_slot_0_axis_tdata[30]"/>
        <net name="bhhrg_i/system_ila_0/U0/net_slot_0_axis_tdata[29]"/>
        <net name="bhhrg_i/system_ila_0/U0/net_slot_0_axis_tdata[28]"/>
        <net name="bhhrg_i/system_ila_0/U0/net_slot_0_axis_tdata[27]"/>
        <net name="bhhrg_i/system_ila_0/U0/net_slot_0_axis_tdata[26]"/>
        <net name="bhhrg_i/system_ila_0/U0/net_slot_0_axis_tdata[25]"/>
        <net name="bhhrg_i/system_ila_0/U0/net_slot_0_axis_tdata[24]"/>
        <net name="bhhrg_i/system_ila_0/U0/net_slot_0_axis_tdata[23]"/>
        <net name="bhhrg_i/system_ila_0/U0/net_slot_0_axis_tdata[22]"/>
        <net name="bhhrg_i/system_ila_0/U0/net_slot_0_axis_tdata[21]"/>
        <net name="bhhrg_i/system_ila_0/U0/net_slot_0_axis_tdata[20]"/>
        <net name="bhhrg_i/system_ila_0/U0/net_slot_0_axis_tdata[19]"/>
        <net name="bhhrg_i/system_ila_0/U0/net_slot_0_axis_tdata[18]"/>
        <net name="bhhrg_i/system_ila_0/U0/net_slot_0_axis_tdata[17]"/>
        <net name="bhhrg_i/system_ila_0/U0/net_slot_0_axis_tdata[16]"/>
        <net name="bhhrg_i/system_ila_0/U0/net_slot_0_axis_tdata[15]"/>
        <net name="bhhrg_i/system_ila_0/U0/net_slot_0_axis_tdata[14]"/>
        <net name="bhhrg_i/system_ila_0/U0/net_slot_0_axis_tdata[13]"/>
        <net name="bhhrg_i/system_ila_0/U0/net_slot_0_axis_tdata[12]"/>
        <net name="bhhrg_i/system_ila_0/U0/net_slot_0_axis_tdata[11]"/>
        <net name="bhhrg_i/system_ila_0/U0/net_slot_0_axis_tdata[10]"/>
        <net name="bhhrg_i/system_ila_0/U0/net_slot_0_axis_tdata[9]"/>
        <net name="bhhrg_i/system_ila_0/U0/net_slot_0_axis_tdata[8]"/>
        <net name="bhhrg_i/system_ila_0/U0/net_slot_0_axis_tdata[7]"/>
        <net name="bhhrg_i/system_ila_0/U0/net_slot_0_axis_tdata[6]"/>
        <net name="bhhrg_i/system_ila_0/U0/net_slot_0_axis_tdata[5]"/>
        <net name="bhhrg_i/system_ila_0/U0/net_slot_0_axis_tdata[4]"/>
        <net name="bhhrg_i/system_ila_0/U0/net_slot_0_axis_tdata[3]"/>
        <net name="bhhrg_i/system_ila_0/U0/net_slot_0_axis_tdata[2]"/>
        <net name="bhhrg_i/system_ila_0/U0/net_slot_0_axis_tdata[1]"/>
        <net name="bhhrg_i/system_ila_0/U0/net_slot_0_axis_tdata[0]"/>
      </nets>
    </probe>
    <probe type="ila" busType="net" source="netlist" spec="ILA_V2_RT">
      <probeOptions Id="DebugProbeParams">
        <Option Id="CAPTURE_COMPARE_VALUE" value="eq1&apos;bX"/>
        <Option Id="COMPARE_VALUE.0" value="eq1&apos;bX"/>
        <Option Id="DISPLAY_AS_ENUM" value="1"/>
        <Option Id="DISPLAY_HINT" value=""/>
        <Option Id="DISPLAY_RADIX" value="HEX"/>
        <Option Id="DISPLAY_VISIBILITY" value=""/>
        <Option Id="HW_ILA" value="hw_ila_1"/>
        <Option Id="LINK_TO_WAVEFORM" value="1"/>
        <Option Id="MAP" value="probe6[0]"/>
        <Option Id="NAME.CUSTOM" value=""/>
        <Option Id="NAME.SELECT" value="Long"/>
        <Option Id="SOURCE" value="netlist"/>
        <Option Id="TRIGGER_COMPARE_VALUE" value="eq1&apos;bX"/>
        <Option Id="WAVEFORM_STYLE" value="Digital"/>
      </probeOptions>
      <nets>
        <net name="bhhrg_i/system_ila_0/U0/net_slot_0_axis_tlast"/>
      </nets>
    </probe>
    <probe type="ila" busType="net" source="netlist" spec="ILA_V2_RT">
      <probeOptions Id="DebugProbeParams">
        <Option Id="CAPTURE_COMPARE_VALUE" value="eq1&apos;bX"/>
        <Option Id="COMPARE_VALUE.0" value="eq1&apos;bX"/>
        <Option Id="DISPLAY_AS_ENUM" value="1"/>
        <Option Id="DISPLAY_HINT" value=""/>
        <Option Id="DISPLAY_RADIX" value="HEX"/>
        <Option Id="DISPLAY_VISIBILITY" value=""/>
        <Option Id="HW_ILA" value="hw_ila_1"/>
        <Option Id="LINK_TO_WAVEFORM" value="1"/>
        <Option Id="MAP" value="probe2[0]"/>
        <Option Id="NAME.CUSTOM" value=""/>
        <Option Id="NAME.SELECT" value="Long"/>
        <Option Id="SOURCE" value="netlist"/>
        <Option Id="TRIGGER_COMPARE_VALUE" value="eq1&apos;bX"/>
        <Option Id="WAVEFORM_STYLE" value="Digital"/>
      </probeOptions>
      <nets>
        <net name="bhhrg_i/system_ila_0/U0/net_slot_0_axis_tready"/>
      </nets>
    </probe>
    <probe type="ila" busType="net" source="netlist" spec="ILA_V2_RT">
      <probeOptions Id="DebugProbeParams">
        <Option Id="CAPTURE_COMPARE_VALUE" value="eq1&apos;bX"/>
        <Option Id="COMPARE_VALUE.0" value="eq1&apos;bX"/>
        <Option Id="DISPLAY_AS_ENUM" value="1"/>
        <Option Id="DISPLAY_HINT" value=""/>
        <Option Id="DISPLAY_RADIX" value="HEX"/>
        <Option Id="DISPLAY_VISIBILITY" value=""/>
        <Option Id="HW_ILA" value="hw_ila_1"/>
        <Option Id="LINK_TO_WAVEFORM" value="1"/>
        <Option Id="MAP" value="probe1[0]"/>
        <Option Id="NAME.CUSTOM" value=""/>
        <Option Id="NAME.SELECT" value="Long"/>
        <Option Id="SOURCE" value="netlist"/>
        <Option Id="TRIGGER_COMPARE_VALUE" value="eq1&apos;bX"/>
        <Option Id="WAVEFORM_STYLE" value="Digital"/>
      </probeOptions>
      <nets>
        <net name="bhhrg_i/system_ila_0/U0/net_slot_0_axis_tvalid"/>
      </nets>
    </probe>
    <probe type="ila" busType="net" source="netlist" spec="ILA_V2_RT">
      <probeOptions Id="DebugProbeParams">
        <Option Id="CAPTURE_COMPARE_VALUE" value="eq32&apos;hXXXX_XXXX"/>
        <Option Id="COMPARE_VALUE.0" value="eq32&apos;hXXXX_XXXX"/>
        <Option Id="DISPLAY_AS_ENUM" value="1"/>
        <Option Id="DISPLAY_HINT" value=""/>
        <Option Id="DISPLAY_RADIX" value="HEX"/>
        <Option Id="DISPLAY_VISIBILITY" value=""/>
        <Option Id="HW_ILA" value="hw_ila_1"/>
        <Option Id="LINK_TO_WAVEFORM" value="1"/>
        <Option Id="MAP" value="probe4[31:0]"/>
        <Option Id="NAME.CUSTOM" value=""/>
        <Option Id="NAME.SELECT" value="Long"/>
        <Option Id="SOURCE" value="netlist"/>
        <Option Id="TRIGGER_COMPARE_VALUE" value="eq32&apos;hXXXX_XXXX"/>
        <Option Id="WAVEFORM_STYLE" value="Digital"/>
      </probeOptions>
      <nets>
        <net name="bhhrg_i/system_ila_0/U0/net_slot_1_axis_tdata[31]"/>
        <net name="bhhrg_i/system_ila_0/U0/net_slot_1_axis_tdata[30]"/>
        <net name="bhhrg_i/system_ila_0/U0/net_slot_1_axis_tdata[29]"/>
        <net name="bhhrg_i/system_ila_0/U0/net_slot_1_axis_tdata[28]"/>
        <net name="bhhrg_i/system_ila_0/U0/net_slot_1_axis_tdata[27]"/>
        <net name="bhhrg_i/system_ila_0/U0/net_slot_1_axis_tdata[26]"/>
        <net name="bhhrg_i/system_ila_0/U0/net_slot_1_axis_tdata[25]"/>
        <net name="bhhrg_i/system_ila_0/U0/net_slot_1_axis_tdata[24]"/>
        <net name="bhhrg_i/system_ila_0/U0/net_slot_1_axis_tdata[23]"/>
        <net name="bhhrg_i/system_ila_0/U0/net_slot_1_axis_tdata[22]"/>
        <net name="bhhrg_i/system_ila_0/U0/net_slot_1_axis_tdata[21]"/>
        <net name="bhhrg_i/system_ila_0/U0/net_slot_1_axis_tdata[20]"/>
        <net name="bhhrg_i/system_ila_0/U0/net_slot_1_axis_tdata[19]"/>
        <net name="bhhrg_i/system_ila_0/U0/net_slot_1_axis_tdata[18]"/>
        <net name="bhhrg_i/system_ila_0/U0/net_slot_1_axis_tdata[17]"/>
        <net name="bhhrg_i/system_ila_0/U0/net_slot_1_axis_tdata[16]"/>
        <net name="bhhrg_i/system_ila_0/U0/net_slot_1_axis_tdata[15]"/>
        <net name="bhhrg_i/system_ila_0/U0/net_slot_1_axis_tdata[14]"/>
        <net name="bhhrg_i/system_ila_0/U0/net_slot_1_axis_tdata[13]"/>
        <net name="bhhrg_i/system_ila_0/U0/net_slot_1_axis_tdata[12]"/>
        <net name="bhhrg_i/system_ila_0/U0/net_slot_1_axis_tdata[11]"/>
        <net name="bhhrg_i/system_ila_0/U0/net_slot_1_axis_tdata[10]"/>
        <net name="bhhrg_i/system_ila_0/U0/net_slot_1_axis_tdata[9]"/>
        <net name="bhhrg_i/system_ila_0/U0/net_slot_1_axis_tdata[8]"/>
        <net name="bhhrg_i/system_ila_0/U0/net_slot_1_axis_tdata[7]"/>
        <net name="bhhrg_i/system_ila_0/U0/net_slot_1_axis_tdata[6]"/>
        <net name="bhhrg_i/system_ila_0/U0/net_slot_1_axis_tdata[5]"/>
        <net name="bhhrg_i/system_ila_0/U0/net_slot_1_axis_tdata[4]"/>
        <net name="bhhrg_i/system_ila_0/U0/net_slot_1_axis_tdata[3]"/>
        <net name="bhhrg_i/system_ila_0/U0/net_slot_1_axis_tdata[2]"/>
        <net name="bhhrg_i/system_ila_0/U0/net_slot_1_axis_tdata[1]"/>
        <net name="bhhrg_i/system_ila_0/U0/net_slot_1_axis_tdata[0]"/>
      </nets>
    </probe>
    <probe type="ila" busType="net" source="netlist" spec="ILA_V2_RT">
      <probeOptions Id="DebugProbeParams">
        <Option Id="CAPTURE_COMPARE_VALUE" value="eq1&apos;bX"/>
        <Option Id="COMPARE_VALUE.0" value="eq1&apos;bX"/>
        <Option Id="DISPLAY_AS_ENUM" value="1"/>
        <Option Id="DISPLAY_HINT" value=""/>
        <Option Id="DISPLAY_RADIX" value="HEX"/>
        <Option Id="DISPLAY_VISIBILITY" value=""/>
        <Option Id="HW_ILA" value="hw_ila_1"/>
        <Option Id="LINK_TO_WAVEFORM" value="1"/>
        <Option Id="MAP" value="probe7[0]"/>
        <Option Id="NAME.CUSTOM" value=""/>
        <Option Id="NAME.SELECT" value="Long"/>
        <Option Id="SOURCE" value="netlist"/>
        <Option Id="TRIGGER_COMPARE_VALUE" value="eq1&apos;bX"/>
        <Option Id="WAVEFORM_STYLE" value="Digital"/>
      </probeOptions>
      <nets>
        <net name="bhhrg_i/system_ila_0/U0/net_slot_1_axis_tlast"/>
      </nets>
    </probe>
    <probe type="ila" busType="net" source="netlist" spec="ILA_V2_RT">
      <probeOptions Id="DebugProbeParams">
        <Option Id="CAPTURE_COMPARE_VALUE" value="eq1&apos;bX"/>
        <Option Id="COMPARE_VALUE.0" value="eq1&apos;bX"/>
        <Option Id="DISPLAY_AS_ENUM" value="1"/>
        <Option Id="DISPLAY_HINT" value=""/>
        <Option Id="DISPLAY_RADIX" value="HEX"/>
        <Option Id="DISPLAY_VISIBILITY" value=""/>
        <Option Id="HW_ILA" value="hw_ila_1"/>
        <Option Id="LINK_TO_WAVEFORM" value="1"/>
        <Option Id="MAP" value="probe6[0]"/>
        <Option Id="NAME.CUSTOM" value=""/>
        <Option Id="NAME.SELECT" value="Long"/>
        <Option Id="SOURCE" value="netlist"/>
        <Option Id="TRIGGER_COMPARE_VALUE" value="eq1&apos;bX"/>
        <Option Id="WAVEFORM_STYLE" value="Digital"/>
      </probeOptions>
      <nets>
        <net name="bhhrg_i/system_ila_0/U0/net_slot_1_axis_tready"/>
      </nets>
    </probe>
    <probe type="ila" busType="net" source="netlist" spec="ILA_V2_RT">
      <probeOptions Id="DebugProbeParams">
        <Option Id="CAPTURE_COMPARE_VALUE" value="eq1&apos;bX"/>
        <Option Id="COMPARE_VALUE.0" value="eq1&apos;bX"/>
        <Option Id="DISPLAY_AS_ENUM" value="1"/>
        <Option Id="DISPLAY_HINT" value=""/>
        <Option Id="DISPLAY_RADIX" value="HEX"/>
        <Option Id="DISPLAY_VISIBILITY" value=""/>
        <Option Id="HW_ILA" value="hw_ila_1"/>
        <Option Id="LINK_TO_WAVEFORM" value="1"/>
        <Option Id="MAP" value="probe5[0]"/>
        <Option Id="NAME.CUSTOM" value="slot_1 : S00_AXIS_1 : TVALID"/>
        <Option Id="NAME.SELECT" value="Custom"/>
        <Option Id="SOURCE" value="netlist"/>
        <Option Id="TRIGGER_COMPARE_VALUE" value="eq1&apos;bX"/>
        <Option Id="WAVEFORM_STYLE" value="Digital"/>
      </probeOptions>
      <nets>
        <net name="bhhrg_i/system_ila_0/U0/net_slot_1_axis_tvalid"/>
      </nets>
    </probe>
    <probe type="ila" busType="net" source="netlist" spec="ILA_V2_RT">
      <probeOptions Id="DebugProbeParams">
        <Option Id="CAPTURE_COMPARE_VALUE" value="eq32&apos;hXXXX_XXXX"/>
        <Option Id="COMPARE_VALUE.0" value="eq32&apos;hXXXX_XXXX"/>
        <Option Id="DISPLAY_AS_ENUM" value="1"/>
        <Option Id="DISPLAY_HINT" value=""/>
        <Option Id="DISPLAY_RADIX" value="HEX"/>
        <Option Id="DISPLAY_VISIBILITY" value=""/>
        <Option Id="HW_ILA" value="hw_ila_1"/>
        <Option Id="LINK_TO_WAVEFORM" value="1"/>
        <Option Id="MAP" value="probe8[31:0]"/>
        <Option Id="NAME.CUSTOM" value="slot_2 :  : TDATA"/>
        <Option Id="NAME.SELECT" value="Custom"/>
        <Option Id="SOURCE" value="netlist"/>
        <Option Id="TRIGGER_COMPARE_VALUE" value="eq32&apos;hXXXX_XXXX"/>
        <Option Id="WAVEFORM_STYLE" value="Digital"/>
      </probeOptions>
      <nets>
        <net name="bhhrg_i/system_ila_0/U0/net_slot_2_axis_tdata[31]"/>
        <net name="bhhrg_i/system_ila_0/U0/net_slot_2_axis_tdata[30]"/>
        <net name="bhhrg_i/system_ila_0/U0/net_slot_2_axis_tdata[29]"/>
        <net name="bhhrg_i/system_ila_0/U0/net_slot_2_axis_tdata[28]"/>
        <net name="bhhrg_i/system_ila_0/U0/net_slot_2_axis_tdata[27]"/>
        <net name="bhhrg_i/system_ila_0/U0/net_slot_2_axis_tdata[26]"/>
        <net name="bhhrg_i/system_ila_0/U0/net_slot_2_axis_tdata[25]"/>
        <net name="bhhrg_i/system_ila_0/U0/net_slot_2_axis_tdata[24]"/>
        <net name="bhhrg_i/system_ila_0/U0/net_slot_2_axis_tdata[23]"/>
        <net name="bhhrg_i/system_ila_0/U0/net_slot_2_axis_tdata[22]"/>
        <net name="bhhrg_i/system_ila_0/U0/net_slot_2_axis_tdata[21]"/>
        <net name="bhhrg_i/system_ila_0/U0/net_slot_2_axis_tdata[20]"/>
        <net name="bhhrg_i/system_ila_0/U0/net_slot_2_axis_tdata[19]"/>
        <net name="bhhrg_i/system_ila_0/U0/net_slot_2_axis_tdata[18]"/>
        <net name="bhhrg_i/system_ila_0/U0/net_slot_2_axis_tdata[17]"/>
        <net name="bhhrg_i/system_ila_0/U0/net_slot_2_axis_tdata[16]"/>
        <net name="bhhrg_i/system_ila_0/U0/net_slot_2_axis_tdata[15]"/>
        <net name="bhhrg_i/system_ila_0/U0/net_slot_2_axis_tdata[14]"/>
        <net name="bhhrg_i/system_ila_0/U0/net_slot_2_axis_tdata[13]"/>
        <net name="bhhrg_i/system_ila_0/U0/net_slot_2_axis_tdata[12]"/>
        <net name="bhhrg_i/system_ila_0/U0/net_slot_2_axis_tdata[11]"/>
        <net name="bhhrg_i/system_ila_0/U0/net_slot_2_axis_tdata[10]"/>
        <net name="bhhrg_i/system_ila_0/U0/net_slot_2_axis_tdata[9]"/>
        <net name="bhhrg_i/system_ila_0/U0/net_slot_2_axis_tdata[8]"/>
        <net name="bhhrg_i/system_ila_0/U0/net_slot_2_axis_tdata[7]"/>
        <net name="bhhrg_i/system_ila_0/U0/net_slot_2_axis_tdata[6]"/>
        <net name="bhhrg_i/system_ila_0/U0/net_slot_2_axis_tdata[5]"/>
        <net name="bhhrg_i/system_ila_0/U0/net_slot_2_axis_tdata[4]"/>
        <net name="bhhrg_i/system_ila_0/U0/net_slot_2_axis_tdata[3]"/>
        <net name="bhhrg_i/system_ila_0/U0/net_slot_2_axis_tdata[2]"/>
        <net name="bhhrg_i/system_ila_0/U0/net_slot_2_axis_tdata[1]"/>
        <net name="bhhrg_i/system_ila_0/U0/net_slot_2_axis_tdata[0]"/>
      </nets>
    </probe>
    <probe type="ila" busType="net" source="netlist" spec="ILA_V2_RT">
      <probeOptions Id="DebugProbeParams">
        <Option Id="CAPTURE_COMPARE_VALUE" value="eq1&apos;bX"/>
        <Option Id="COMPARE_VALUE.0" value="eq1&apos;bX"/>
        <Option Id="DISPLAY_AS_ENUM" value="1"/>
        <Option Id="DISPLAY_HINT" value=""/>
        <Option Id="DISPLAY_RADIX" value="HEX"/>
        <Option Id="DISPLAY_VISIBILITY" value=""/>
        <Option Id="HW_ILA" value="bhhrg_i/system_ila_0/U0/ila_lib"/>
        <Option Id="LINK_TO_WAVEFORM" value="1"/>
        <Option Id="MAP" value="probe14[0]"/>
        <Option Id="NAME.CUSTOM" value="slot_2 : axis_broadcaster_0_M01_AXIS : TLAST"/>
        <Option Id="NAME.SELECT" value="Custom"/>
        <Option Id="SOURCE" value="netlist"/>
        <Option Id="TRIGGER_COMPARE_VALUE" value="eq1&apos;bX"/>
        <Option Id="WAVEFORM_STYLE" value="Digital"/>
      </probeOptions>
      <nets>
        <net name="bhhrg_i/system_ila_0/U0/net_slot_2_axis_tlast"/>
      </nets>
    </probe>
    <probe type="ila" busType="net" source="netlist" spec="ILA_V2_RT">
      <probeOptions Id="DebugProbeParams">
        <Option Id="CAPTURE_COMPARE_VALUE" value="eq1&apos;bX"/>
        <Option Id="COMPARE_VALUE.0" value="eq1&apos;bX"/>
        <Option Id="DISPLAY_AS_ENUM" value="1"/>
        <Option Id="DISPLAY_HINT" value=""/>
        <Option Id="DISPLAY_RADIX" value="HEX"/>
        <Option Id="DISPLAY_VISIBILITY" value=""/>
        <Option Id="HW_ILA" value="hw_ila_1"/>
        <Option Id="LINK_TO_WAVEFORM" value="1"/>
        <Option Id="MAP" value="probe13[0]"/>
        <Option Id="NAME.CUSTOM" value=""/>
        <Option Id="NAME.SELECT" value="Long"/>
        <Option Id="SOURCE" value="netlist"/>
        <Option Id="TRIGGER_COMPARE_VALUE" value="eq1&apos;bX"/>
        <Option Id="WAVEFORM_STYLE" value="Digital"/>
      </probeOptions>
      <nets>
        <net name="bhhrg_i/system_ila_0/U0/net_slot_2_axis_tready"/>
      </nets>
    </probe>
    <probe type="ila" busType="net" source="netlist" spec="ILA_V2_RT">
      <probeOptions Id="DebugProbeParams">
        <Option Id="CAPTURE_COMPARE_VALUE" value="eq1&apos;bX"/>
        <Option Id="COMPARE_VALUE.0" value="eq1&apos;bR"/>
        <Option Id="DISPLAY_AS_ENUM" value="1"/>
        <Option Id="DISPLAY_HINT" value=""/>
        <Option Id="DISPLAY_RADIX" value="HEX"/>
        <Option Id="DISPLAY_VISIBILITY" value=""/>
        <Option Id="HW_ILA" value="hw_ila_1"/>
        <Option Id="LINK_TO_WAVEFORM" value="1"/>
        <Option Id="MAP" value="probe12[0]"/>
        <Option Id="NAME.CUSTOM" value=""/>
        <Option Id="NAME.SELECT" value="Long"/>
        <Option Id="SOURCE" value="netlist"/>
        <Option Id="TRIGGER_COMPARE_VALUE" value="eq1&apos;bR"/>
        <Option Id="WAVEFORM_STYLE" value="Digital"/>
      </probeOptions>
      <nets>
        <net name="bhhrg_i/system_ila_0/U0/net_slot_2_axis_tvalid"/>
      </nets>
    </probe>
    <probe type="ila" busType="net" source="netlist" spec="ILA_V2_RT">
      <probeOptions Id="DebugProbeParams">
        <Option Id="CAPTURE_COMPARE_VALUE" value="eq32&apos;hXXXX_XXXX"/>
        <Option Id="COMPARE_VALUE.0" value="eq32&apos;hXXXX_XXXX"/>
        <Option Id="DISPLAY_AS_ENUM" value="1"/>
        <Option Id="DISPLAY_HINT" value=""/>
        <Option Id="DISPLAY_RADIX" value="HEX"/>
        <Option Id="DISPLAY_VISIBILITY" value=""/>
        <Option Id="HW_ILA" value="hw_ila_1"/>
        <Option Id="LINK_TO_WAVEFORM" value="1"/>
        <Option Id="MAP" value="probe12[31:0]"/>
        <Option Id="NAME.CUSTOM" value=""/>
        <Option Id="NAME.SELECT" value="Long"/>
        <Option Id="SOURCE" value="netlist"/>
        <Option Id="TRIGGER_COMPARE_VALUE" value="eq32&apos;hXXXX_XXXX"/>
        <Option Id="WAVEFORM_STYLE" value="Digital"/>
      </probeOptions>
      <nets>
        <net name="bhhrg_i/system_ila_0/U0/net_slot_3_axis_tdata[31]"/>
        <net name="bhhrg_i/system_ila_0/U0/net_slot_3_axis_tdata[30]"/>
        <net name="bhhrg_i/system_ila_0/U0/net_slot_3_axis_tdata[29]"/>
        <net name="bhhrg_i/system_ila_0/U0/net_slot_3_axis_tdata[28]"/>
        <net name="bhhrg_i/system_ila_0/U0/net_slot_3_axis_tdata[27]"/>
        <net name="bhhrg_i/system_ila_0/U0/net_slot_3_axis_tdata[26]"/>
        <net name="bhhrg_i/system_ila_0/U0/net_slot_3_axis_tdata[25]"/>
        <net name="bhhrg_i/system_ila_0/U0/net_slot_3_axis_tdata[24]"/>
        <net name="bhhrg_i/system_ila_0/U0/net_slot_3_axis_tdata[23]"/>
        <net name="bhhrg_i/system_ila_0/U0/net_slot_3_axis_tdata[22]"/>
        <net name="bhhrg_i/system_ila_0/U0/net_slot_3_axis_tdata[21]"/>
        <net name="bhhrg_i/system_ila_0/U0/net_slot_3_axis_tdata[20]"/>
        <net name="bhhrg_i/system_ila_0/U0/net_slot_3_axis_tdata[19]"/>
        <net name="bhhrg_i/system_ila_0/U0/net_slot_3_axis_tdata[18]"/>
        <net name="bhhrg_i/system_ila_0/U0/net_slot_3_axis_tdata[17]"/>
        <net name="bhhrg_i/system_ila_0/U0/net_slot_3_axis_tdata[16]"/>
        <net name="bhhrg_i/system_ila_0/U0/net_slot_3_axis_tdata[15]"/>
        <net name="bhhrg_i/system_ila_0/U0/net_slot_3_axis_tdata[14]"/>
        <net name="bhhrg_i/system_ila_0/U0/net_slot_3_axis_tdata[13]"/>
        <net name="bhhrg_i/system_ila_0/U0/net_slot_3_axis_tdata[12]"/>
        <net name="bhhrg_i/system_ila_0/U0/net_slot_3_axis_tdata[11]"/>
        <net name="bhhrg_i/system_ila_0/U0/net_slot_3_axis_tdata[10]"/>
        <net name="bhhrg_i/system_ila_0/U0/net_slot_3_axis_tdata[9]"/>
        <net name="bhhrg_i/system_ila_0/U0/net_slot_3_axis_tdata[8]"/>
        <net name="bhhrg_i/system_ila_0/U0/net_slot_3_axis_tdata[7]"/>
        <net name="bhhrg_i/system_ila_0/U0/net_slot_3_axis_tdata[6]"/>
        <net name="bhhrg_i/system_ila_0/U0/net_slot_3_axis_tdata[5]"/>
        <net name="bhhrg_i/system_ila_0/U0/net_slot_3_axis_tdata[4]"/>
        <net name="bhhrg_i/system_ila_0/U0/net_slot_3_axis_tdata[3]"/>
        <net name="bhhrg_i/system_ila_0/U0/net_slot_3_axis_tdata[2]"/>
        <net name="bhhrg_i/system_ila_0/U0/net_slot_3_axis_tdata[1]"/>
        <net name="bhhrg_i/system_ila_0/U0/net_slot_3_axis_tdata[0]"/>
      </nets>
    </probe>
    <probe type="ila" busType="net" source="netlist" spec="ILA_V2_RT">
      <probeOptions Id="DebugProbeParams">
        <Option Id="CAPTURE_COMPARE_VALUE" value="eq1&apos;bX"/>
        <Option Id="COMPARE_VALUE.0" value="eq1&apos;bX"/>
        <Option Id="DISPLAY_AS_ENUM" value="1"/>
        <Option Id="DISPLAY_HINT" value=""/>
        <Option Id="DISPLAY_RADIX" value="HEX"/>
        <Option Id="DISPLAY_VISIBILITY" value=""/>
        <Option Id="HW_ILA" value="hw_ila_1"/>
        <Option Id="LINK_TO_WAVEFORM" value="1"/>
        <Option Id="MAP" value="probe15[0]"/>
        <Option Id="NAME.CUSTOM" value=""/>
        <Option Id="NAME.SELECT" value="Long"/>
        <Option Id="SOURCE" value="netlist"/>
        <Option Id="TRIGGER_COMPARE_VALUE" value="eq1&apos;bX"/>
        <Option Id="WAVEFORM_STYLE" value="Digital"/>
      </probeOptions>
      <nets>
        <net name="bhhrg_i/system_ila_0/U0/net_slot_3_axis_tlast"/>
      </nets>
    </probe>
    <probe type="ila" busType="net" source="netlist" spec="ILA_V2_RT">
      <probeOptions Id="DebugProbeParams">
        <Option Id="CAPTURE_COMPARE_VALUE" value="eq1&apos;bX"/>
        <Option Id="COMPARE_VALUE.0" value="eq1&apos;bX"/>
        <Option Id="DISPLAY_AS_ENUM" value="1"/>
        <Option Id="DISPLAY_HINT" value=""/>
        <Option Id="DISPLAY_RADIX" value="HEX"/>
        <Option Id="DISPLAY_VISIBILITY" value=""/>
        <Option Id="HW_ILA" value="hw_ila_1"/>
        <Option Id="LINK_TO_WAVEFORM" value="1"/>
        <Option Id="MAP" value="probe14[0]"/>
        <Option Id="NAME.CUSTOM" value=""/>
        <Option Id="NAME.SELECT" value="Long"/>
        <Option Id="SOURCE" value="netlist"/>
        <Option Id="TRIGGER_COMPARE_VALUE" value="eq1&apos;bX"/>
        <Option Id="WAVEFORM_STYLE" value="Digital"/>
      </probeOptions>
      <nets>
        <net name="bhhrg_i/system_ila_0/U0/net_slot_3_axis_tready"/>
      </nets>
    </probe>
    <probe type="ila" busType="net" source="netlist" spec="ILA_V2_RT">
      <probeOptions Id="DebugProbeParams">
        <Option Id="CAPTURE_COMPARE_VALUE" value="eq1&apos;bX"/>
        <Option Id="COMPARE_VALUE.0" value="eq1&apos;bX"/>
        <Option Id="DISPLAY_AS_ENUM" value="1"/>
        <Option Id="DISPLAY_HINT" value=""/>
        <Option Id="DISPLAY_RADIX" value="HEX"/>
        <Option Id="DISPLAY_VISIBILITY" value=""/>
        <Option Id="HW_ILA" value="hw_ila_1"/>
        <Option Id="LINK_TO_WAVEFORM" value="1"/>
        <Option Id="MAP" value="probe13[0]"/>
        <Option Id="NAME.CUSTOM" value=""/>
        <Option Id="NAME.SELECT" value="Long"/>
        <Option Id="SOURCE" value="netlist"/>
        <Option Id="TRIGGER_COMPARE_VALUE" value="eq1&apos;bX"/>
        <Option Id="WAVEFORM_STYLE" value="Digital"/>
      </probeOptions>
      <nets>
        <net name="bhhrg_i/system_ila_0/U0/net_slot_3_axis_tvalid"/>
      </nets>
    </probe>
    <probe type="ila" busType="net" source="netlist" spec="ILA_V2_RT">
      <probeOptions Id="DebugProbeParams">
        <Option Id="CAPTURE_COMPARE_VALUE" value="eq16&apos;hXXXX"/>
        <Option Id="COMPARE_VALUE.0" value="eq16&apos;hXXXX"/>
        <Option Id="DISPLAY_AS_ENUM" value="1"/>
        <Option Id="DISPLAY_HINT" value=""/>
        <Option Id="DISPLAY_RADIX" value="BINARY"/>
        <Option Id="DISPLAY_VISIBILITY" value=""/>
        <Option Id="HW_ILA" value="hw_ila_1"/>
        <Option Id="LINK_TO_WAVEFORM" value="1"/>
        <Option Id="MAP" value="probe16[15:0]"/>
        <Option Id="NAME.CUSTOM" value=""/>
        <Option Id="NAME.SELECT" value="Long"/>
        <Option Id="SOURCE" value="netlist"/>
        <Option Id="TRIGGER_COMPARE_VALUE" value="eq16&apos;hXXXX"/>
        <Option Id="WAVEFORM_STYLE" value="Digital"/>
      </probeOptions>
      <nets>
        <net name="bhhrg_i/system_ila_0/U0/net_slot_4_axis_tdata[15]"/>
        <net name="bhhrg_i/system_ila_0/U0/net_slot_4_axis_tdata[14]"/>
        <net name="bhhrg_i/system_ila_0/U0/net_slot_4_axis_tdata[13]"/>
        <net name="bhhrg_i/system_ila_0/U0/net_slot_4_axis_tdata[12]"/>
        <net name="bhhrg_i/system_ila_0/U0/net_slot_4_axis_tdata[11]"/>
        <net name="bhhrg_i/system_ila_0/U0/net_slot_4_axis_tdata[10]"/>
        <net name="bhhrg_i/system_ila_0/U0/net_slot_4_axis_tdata[9]"/>
        <net name="bhhrg_i/system_ila_0/U0/net_slot_4_axis_tdata[8]"/>
        <net name="bhhrg_i/system_ila_0/U0/net_slot_4_axis_tdata[7]"/>
        <net name="bhhrg_i/system_ila_0/U0/net_slot_4_axis_tdata[6]"/>
        <net name="bhhrg_i/system_ila_0/U0/net_slot_4_axis_tdata[5]"/>
        <net name="bhhrg_i/system_ila_0/U0/net_slot_4_axis_tdata[4]"/>
        <net name="bhhrg_i/system_ila_0/U0/net_slot_4_axis_tdata[3]"/>
        <net name="bhhrg_i/system_ila_0/U0/net_slot_4_axis_tdata[2]"/>
        <net name="bhhrg_i/system_ila_0/U0/net_slot_4_axis_tdata[1]"/>
        <net name="bhhrg_i/system_ila_0/U0/net_slot_4_axis_tdata[0]"/>
      </nets>
    </probe>
    <probe type="ila" busType="net" source="netlist" spec="ILA_V2_RT">
      <probeOptions Id="DebugProbeParams">
        <Option Id="CAPTURE_COMPARE_VALUE" value="eq1&apos;bX"/>
        <Option Id="COMPARE_VALUE.0" value="eq1&apos;bX"/>
        <Option Id="DISPLAY_AS_ENUM" value="1"/>
        <Option Id="DISPLAY_HINT" value=""/>
        <Option Id="DISPLAY_RADIX" value="HEX"/>
        <Option Id="DISPLAY_VISIBILITY" value=""/>
        <Option Id="HW_ILA" value="hw_ila_1"/>
        <Option Id="LINK_TO_WAVEFORM" value="1"/>
        <Option Id="MAP" value="probe17[0]"/>
        <Option Id="NAME.CUSTOM" value=""/>
        <Option Id="NAME.SELECT" value="Long"/>
        <Option Id="SOURCE" value="netlist"/>
        <Option Id="TRIGGER_COMPARE_VALUE" value="eq1&apos;bX"/>
        <Option Id="WAVEFORM_STYLE" value="Digital"/>
      </probeOptions>
      <nets>
        <net name="bhhrg_i/system_ila_0/U0/net_slot_4_axis_tdest"/>
      </nets>
    </probe>
    <probe type="ila" busType="net" source="netlist" spec="ILA_V2_RT">
      <probeOptions Id="DebugProbeParams">
        <Option Id="CAPTURE_COMPARE_VALUE" value="eq1&apos;bX"/>
        <Option Id="COMPARE_VALUE.0" value="eq1&apos;bX"/>
        <Option Id="DISPLAY_AS_ENUM" value="1"/>
        <Option Id="DISPLAY_HINT" value=""/>
        <Option Id="DISPLAY_RADIX" value="HEX"/>
        <Option Id="DISPLAY_VISIBILITY" value=""/>
        <Option Id="HW_ILA" value="hw_ila_1"/>
        <Option Id="LINK_TO_WAVEFORM" value="1"/>
        <Option Id="MAP" value="probe18[0]"/>
        <Option Id="NAME.CUSTOM" value=""/>
        <Option Id="NAME.SELECT" value="Long"/>
        <Option Id="SOURCE" value="netlist"/>
        <Option Id="TRIGGER_COMPARE_VALUE" value="eq1&apos;bX"/>
        <Option Id="WAVEFORM_STYLE" value="Digital"/>
      </probeOptions>
      <nets>
        <net name="bhhrg_i/system_ila_0/U0/net_slot_4_axis_tid"/>
      </nets>
    </probe>
    <probe type="ila" busType="net" source="netlist" spec="ILA_V2_RT">
      <probeOptions Id="DebugProbeParams">
        <Option Id="CAPTURE_COMPARE_VALUE" value="eq2&apos;hX"/>
        <Option Id="COMPARE_VALUE.0" value="eq2&apos;hX"/>
        <Option Id="DISPLAY_AS_ENUM" value="1"/>
        <Option Id="DISPLAY_HINT" value=""/>
        <Option Id="DISPLAY_RADIX" value="HEX"/>
        <Option Id="DISPLAY_VISIBILITY" value=""/>
        <Option Id="HW_ILA" value="hw_ila_1"/>
        <Option Id="LINK_TO_WAVEFORM" value="1"/>
        <Option Id="MAP" value="probe19[1:0]"/>
        <Option Id="NAME.CUSTOM" value=""/>
        <Option Id="NAME.SELECT" value="Long"/>
        <Option Id="SOURCE" value="netlist"/>
        <Option Id="TRIGGER_COMPARE_VALUE" value="eq2&apos;hX"/>
        <Option Id="WAVEFORM_STYLE" value="Digital"/>
      </probeOptions>
      <nets>
        <net name="bhhrg_i/system_ila_0/U0/net_slot_4_axis_tkeep[1]"/>
        <net name="bhhrg_i/system_ila_0/U0/net_slot_4_axis_tkeep[0]"/>
      </nets>
    </probe>
    <probe type="ila" busType="net" source="netlist" spec="ILA_V2_RT">
      <probeOptions Id="DebugProbeParams">
        <Option Id="CAPTURE_COMPARE_VALUE" value="eq1&apos;bX"/>
        <Option Id="COMPARE_VALUE.0" value="eq1&apos;bX"/>
        <Option Id="DISPLAY_AS_ENUM" value="1"/>
        <Option Id="DISPLAY_HINT" value=""/>
        <Option Id="DISPLAY_RADIX" value="HEX"/>
        <Option Id="DISPLAY_VISIBILITY" value=""/>
        <Option Id="HW_ILA" value="hw_ila_1"/>
        <Option Id="LINK_TO_WAVEFORM" value="1"/>
        <Option Id="MAP" value="probe24[0]"/>
        <Option Id="NAME.CUSTOM" value=""/>
        <Option Id="NAME.SELECT" value="Long"/>
        <Option Id="SOURCE" value="netlist"/>
        <Option Id="TRIGGER_COMPARE_VALUE" value="eq1&apos;bX"/>
        <Option Id="WAVEFORM_STYLE" value="Digital"/>
      </probeOptions>
      <nets>
        <net name="bhhrg_i/system_ila_0/U0/net_slot_4_axis_tlast"/>
      </nets>
    </probe>
    <probe type="ila" busType="net" source="netlist" spec="ILA_V2_RT">
      <probeOptions Id="DebugProbeParams">
        <Option Id="CAPTURE_COMPARE_VALUE" value="eq1&apos;bX"/>
        <Option Id="COMPARE_VALUE.0" value="eq1&apos;bX"/>
        <Option Id="DISPLAY_AS_ENUM" value="1"/>
        <Option Id="DISPLAY_HINT" value=""/>
        <Option Id="DISPLAY_RADIX" value="HEX"/>
        <Option Id="DISPLAY_VISIBILITY" value=""/>
        <Option Id="HW_ILA" value="hw_ila_1"/>
        <Option Id="LINK_TO_WAVEFORM" value="1"/>
        <Option Id="MAP" value="probe23[0]"/>
        <Option Id="NAME.CUSTOM" value=""/>
        <Option Id="NAME.SELECT" value="Long"/>
        <Option Id="SOURCE" value="netlist"/>
        <Option Id="TRIGGER_COMPARE_VALUE" value="eq1&apos;bX"/>
        <Option Id="WAVEFORM_STYLE" value="Digital"/>
      </probeOptions>
      <nets>
        <net name="bhhrg_i/system_ila_0/U0/net_slot_4_axis_tready"/>
      </nets>
    </probe>
    <probe type="ila" busType="net" source="netlist" spec="ILA_V2_RT">
      <probeOptions Id="DebugProbeParams">
        <Option Id="CAPTURE_COMPARE_VALUE" value="eq2&apos;hX"/>
        <Option Id="COMPARE_VALUE.0" value="eq2&apos;hX"/>
        <Option Id="DISPLAY_AS_ENUM" value="1"/>
        <Option Id="DISPLAY_HINT" value=""/>
        <Option Id="DISPLAY_RADIX" value="HEX"/>
        <Option Id="DISPLAY_VISIBILITY" value=""/>
        <Option Id="HW_ILA" value="hw_ila_1"/>
        <Option Id="LINK_TO_WAVEFORM" value="1"/>
        <Option Id="MAP" value="probe20[1:0]"/>
        <Option Id="NAME.CUSTOM" value=""/>
        <Option Id="NAME.SELECT" value="Long"/>
        <Option Id="SOURCE" value="netlist"/>
        <Option Id="TRIGGER_COMPARE_VALUE" value="eq2&apos;hX"/>
        <Option Id="WAVEFORM_STYLE" value="Digital"/>
      </probeOptions>
      <nets>
        <net name="bhhrg_i/system_ila_0/U0/net_slot_4_axis_tstrb[1]"/>
        <net name="bhhrg_i/system_ila_0/U0/net_slot_4_axis_tstrb[0]"/>
      </nets>
    </probe>
    <probe type="ila" busType="net" source="netlist" spec="ILA_V2_RT">
      <probeOptions Id="DebugProbeParams">
        <Option Id="CAPTURE_COMPARE_VALUE" value="eq1&apos;bX"/>
        <Option Id="COMPARE_VALUE.0" value="eq1&apos;bX"/>
        <Option Id="DISPLAY_AS_ENUM" value="1"/>
        <Option Id="DISPLAY_HINT" value=""/>
        <Option Id="DISPLAY_RADIX" value="HEX"/>
        <Option Id="DISPLAY_VISIBILITY" value=""/>
        <Option Id="HW_ILA" value="hw_ila_1"/>
        <Option Id="LINK_TO_WAVEFORM" value="1"/>
        <Option Id="MAP" value="probe21[0]"/>
        <Option Id="NAME.CUSTOM" value=""/>
        <Option Id="NAME.SELECT" value="Long"/>
        <Option Id="SOURCE" value="netlist"/>
        <Option Id="TRIGGER_COMPARE_VALUE" value="eq1&apos;bX"/>
        <Option Id="WAVEFORM_STYLE" value="Digital"/>
      </probeOptions>
      <nets>
        <net name="bhhrg_i/system_ila_0/U0/net_slot_4_axis_tuser"/>
      </nets>
    </probe>
    <probe type="ila" busType="net" source="netlist" spec="ILA_V2_RT">
      <probeOptions Id="DebugProbeParams">
        <Option Id="CAPTURE_COMPARE_VALUE" value="eq1&apos;bX"/>
        <Option Id="COMPARE_VALUE.0" value="eq1&apos;bX"/>
        <Option Id="DISPLAY_AS_ENUM" value="1"/>
        <Option Id="DISPLAY_HINT" value=""/>
        <Option Id="DISPLAY_RADIX" value="HEX"/>
        <Option Id="DISPLAY_VISIBILITY" value=""/>
        <Option Id="HW_ILA" value="hw_ila_1"/>
        <Option Id="LINK_TO_WAVEFORM" value="1"/>
        <Option Id="MAP" value="probe22[0]"/>
        <Option Id="NAME.CUSTOM" value=""/>
        <Option Id="NAME.SELECT" value="Long"/>
        <Option Id="SOURCE" value="netlist"/>
        <Option Id="TRIGGER_COMPARE_VALUE" value="eq1&apos;bX"/>
        <Option Id="WAVEFORM_STYLE" value="Digital"/>
      </probeOptions>
      <nets>
        <net name="bhhrg_i/system_ila_0/U0/net_slot_4_axis_tvalid"/>
      </nets>
    </probe>
    <probe type="ila" busType="net" source="netlist" spec="ILA_V2_RT">
      <probeOptions Id="DebugProbeParams">
        <Option Id="CAPTURE_COMPARE_VALUE" value="eq32&apos;hXXXX_XXXX"/>
        <Option Id="COMPARE_VALUE.0" value="eq32&apos;hXXXX_XXXX"/>
        <Option Id="DISPLAY_AS_ENUM" value="1"/>
        <Option Id="DISPLAY_HINT" value=""/>
        <Option Id="DISPLAY_RADIX" value="HEX"/>
        <Option Id="DISPLAY_VISIBILITY" value=""/>
        <Option Id="HW_ILA" value="hw_ila_1"/>
        <Option Id="LINK_TO_WAVEFORM" value="1"/>
        <Option Id="MAP" value="probe25[31:0]"/>
        <Option Id="NAME.CUSTOM" value=""/>
        <Option Id="NAME.SELECT" value="Long"/>
        <Option Id="SOURCE" value="netlist"/>
        <Option Id="TRIGGER_COMPARE_VALUE" value="eq32&apos;hXXXX_XXXX"/>
        <Option Id="WAVEFORM_STYLE" value="Digital"/>
      </probeOptions>
      <nets>
        <net name="bhhrg_i/system_ila_0/U0/net_slot_5_axis_tdata[31]"/>
        <net name="bhhrg_i/system_ila_0/U0/net_slot_5_axis_tdata[30]"/>
        <net name="bhhrg_i/system_ila_0/U0/net_slot_5_axis_tdata[29]"/>
        <net name="bhhrg_i/system_ila_0/U0/net_slot_5_axis_tdata[28]"/>
        <net name="bhhrg_i/system_ila_0/U0/net_slot_5_axis_tdata[27]"/>
        <net name="bhhrg_i/system_ila_0/U0/net_slot_5_axis_tdata[26]"/>
        <net name="bhhrg_i/system_ila_0/U0/net_slot_5_axis_tdata[25]"/>
        <net name="bhhrg_i/system_ila_0/U0/net_slot_5_axis_tdata[24]"/>
        <net name="bhhrg_i/system_ila_0/U0/net_slot_5_axis_tdata[23]"/>
        <net name="bhhrg_i/system_ila_0/U0/net_slot_5_axis_tdata[22]"/>
        <net name="bhhrg_i/system_ila_0/U0/net_slot_5_axis_tdata[21]"/>
        <net name="bhhrg_i/system_ila_0/U0/net_slot_5_axis_tdata[20]"/>
        <net name="bhhrg_i/system_ila_0/U0/net_slot_5_axis_tdata[19]"/>
        <net name="bhhrg_i/system_ila_0/U0/net_slot_5_axis_tdata[18]"/>
        <net name="bhhrg_i/system_ila_0/U0/net_slot_5_axis_tdata[17]"/>
        <net name="bhhrg_i/system_ila_0/U0/net_slot_5_axis_tdata[16]"/>
        <net name="bhhrg_i/system_ila_0/U0/net_slot_5_axis_tdata[15]"/>
        <net name="bhhrg_i/system_ila_0/U0/net_slot_5_axis_tdata[14]"/>
        <net name="bhhrg_i/system_ila_0/U0/net_slot_5_axis_tdata[13]"/>
        <net name="bhhrg_i/system_ila_0/U0/net_slot_5_axis_tdata[12]"/>
        <net name="bhhrg_i/system_ila_0/U0/net_slot_5_axis_tdata[11]"/>
        <net name="bhhrg_i/system_ila_0/U0/net_slot_5_axis_tdata[10]"/>
        <net name="bhhrg_i/system_ila_0/U0/net_slot_5_axis_tdata[9]"/>
        <net name="bhhrg_i/system_ila_0/U0/net_slot_5_axis_tdata[8]"/>
        <net name="bhhrg_i/system_ila_0/U0/net_slot_5_axis_tdata[7]"/>
        <net name="bhhrg_i/system_ila_0/U0/net_slot_5_axis_tdata[6]"/>
        <net name="bhhrg_i/system_ila_0/U0/net_slot_5_axis_tdata[5]"/>
        <net name="bhhrg_i/system_ila_0/U0/net_slot_5_axis_tdata[4]"/>
        <net name="bhhrg_i/system_ila_0/U0/net_slot_5_axis_tdata[3]"/>
        <net name="bhhrg_i/system_ila_0/U0/net_slot_5_axis_tdata[2]"/>
        <net name="bhhrg_i/system_ila_0/U0/net_slot_5_axis_tdata[1]"/>
        <net name="bhhrg_i/system_ila_0/U0/net_slot_5_axis_tdata[0]"/>
      </nets>
    </probe>
    <probe type="ila" busType="net" source="netlist" spec="ILA_V2_RT">
      <probeOptions Id="DebugProbeParams">
        <Option Id="CAPTURE_COMPARE_VALUE" value="eq1&apos;bX"/>
        <Option Id="COMPARE_VALUE.0" value="eq1&apos;bX"/>
        <Option Id="DISPLAY_AS_ENUM" value="1"/>
        <Option Id="DISPLAY_HINT" value=""/>
        <Option Id="DISPLAY_RADIX" value="HEX"/>
        <Option Id="DISPLAY_VISIBILITY" value=""/>
        <Option Id="HW_ILA" value="hw_ila_1"/>
        <Option Id="LINK_TO_WAVEFORM" value="1"/>
        <Option Id="MAP" value="probe28[0]"/>
        <Option Id="NAME.CUSTOM" value="slot_5 : axi_cmp_0_m : TLAST"/>
        <Option Id="NAME.SELECT" value="Custom"/>
        <Option Id="SOURCE" value="netlist"/>
        <Option Id="TRIGGER_COMPARE_VALUE" value="eq1&apos;bX"/>
        <Option Id="WAVEFORM_STYLE" value="Digital"/>
      </probeOptions>
      <nets>
        <net name="bhhrg_i/system_ila_0/U0/net_slot_5_axis_tlast"/>
      </nets>
    </probe>
    <probe type="ila" busType="net" source="netlist" spec="ILA_V2_RT">
      <probeOptions Id="DebugProbeParams">
        <Option Id="CAPTURE_COMPARE_VALUE" value="eq1&apos;bX"/>
        <Option Id="COMPARE_VALUE.0" value="eq1&apos;bX"/>
        <Option Id="DISPLAY_AS_ENUM" value="1"/>
        <Option Id="DISPLAY_HINT" value=""/>
        <Option Id="DISPLAY_RADIX" value="HEX"/>
        <Option Id="DISPLAY_VISIBILITY" value=""/>
        <Option Id="HW_ILA" value="hw_ila_1"/>
        <Option Id="LINK_TO_WAVEFORM" value="1"/>
        <Option Id="MAP" value="probe27[0]"/>
        <Option Id="NAME.CUSTOM" value=""/>
        <Option Id="NAME.SELECT" value="Long"/>
        <Option Id="SOURCE" value="netlist"/>
        <Option Id="TRIGGER_COMPARE_VALUE" value="eq1&apos;bX"/>
        <Option Id="WAVEFORM_STYLE" value="Digital"/>
      </probeOptions>
      <nets>
        <net name="bhhrg_i/system_ila_0/U0/net_slot_5_axis_tready"/>
      </nets>
    </probe>
    <probe type="ila" busType="net" source="netlist" spec="ILA_V2_RT">
      <probeOptions Id="DebugProbeParams">
        <Option Id="CAPTURE_COMPARE_VALUE" value="eq1&apos;bX"/>
        <Option Id="COMPARE_VALUE.0" value="eq1&apos;bX"/>
        <Option Id="DISPLAY_AS_ENUM" value="1"/>
        <Option Id="DISPLAY_HINT" value=""/>
        <Option Id="DISPLAY_RADIX" value="HEX"/>
        <Option Id="DISPLAY_VISIBILITY" value=""/>
        <Option Id="HW_ILA" value="hw_ila_1"/>
        <Option Id="LINK_TO_WAVEFORM" value="1"/>
        <Option Id="MAP" value="probe26[0]"/>
        <Option Id="NAME.CUSTOM" value=""/>
        <Option Id="NAME.SELECT" value="Long"/>
        <Option Id="SOURCE" value="netlist"/>
        <Option Id="TRIGGER_COMPARE_VALUE" value="eq1&apos;bX"/>
        <Option Id="WAVEFORM_STYLE" value="Digital"/>
      </probeOptions>
      <nets>
        <net name="bhhrg_i/system_ila_0/U0/net_slot_5_axis_tvalid"/>
      </nets>
    </probe>
    <probe type="ila" busType="net" source="netlist" spec="ILA_V2_RT">
      <probeOptions Id="DebugProbeParams">
        <Option Id="CAPTURE_COMPARE_VALUE" value="eq14&apos;hXXXX"/>
        <Option Id="COMPARE_VALUE.0" value="eq14&apos;hXXXX"/>
        <Option Id="DISPLAY_AS_ENUM" value="1"/>
        <Option Id="DISPLAY_HINT" value=""/>
        <Option Id="DISPLAY_RADIX" value="HEX"/>
        <Option Id="DISPLAY_VISIBILITY" value=""/>
        <Option Id="HW_ILA" value="hw_ila_1"/>
        <Option Id="LINK_TO_WAVEFORM" value="1"/>
        <Option Id="MAP" value="probe0[13:0]"/>
        <Option Id="NAME.CUSTOM" value="axi_rng_0_m_tdata"/>
        <Option Id="NAME.SELECT" value="Custom"/>
        <Option Id="SOURCE" value="netlist"/>
        <Option Id="TRIGGER_COMPARE_VALUE" value="eq14&apos;hXXXX"/>
        <Option Id="WAVEFORM_STYLE" value="Digital"/>
      </probeOptions>
      <nets>
        <net name="bhhrg_i/system_ila_0/U0/probe0_1[13]"/>
        <net name="bhhrg_i/system_ila_0/U0/probe0_1[12]"/>
        <net name="bhhrg_i/system_ila_0/U0/probe0_1[11]"/>
        <net name="bhhrg_i/system_ila_0/U0/probe0_1[10]"/>
        <net name="bhhrg_i/system_ila_0/U0/probe0_1[9]"/>
        <net name="bhhrg_i/system_ila_0/U0/probe0_1[8]"/>
        <net name="bhhrg_i/system_ila_0/U0/probe0_1[7]"/>
        <net name="bhhrg_i/system_ila_0/U0/probe0_1[6]"/>
        <net name="bhhrg_i/system_ila_0/U0/probe0_1[5]"/>
        <net name="bhhrg_i/system_ila_0/U0/probe0_1[4]"/>
        <net name="bhhrg_i/system_ila_0/U0/probe0_1[3]"/>
        <net name="bhhrg_i/system_ila_0/U0/probe0_1[2]"/>
        <net name="bhhrg_i/system_ila_0/U0/probe0_1[1]"/>
        <net name="bhhrg_i/system_ila_0/U0/probe0_1[0]"/>
      </nets>
    </probe>
    <probe type="ila" busType="net" source="netlist" spec="ILA_V2_RT">
      <probeOptions Id="DebugProbeParams">
        <Option Id="CAPTURE_COMPARE_VALUE" value="eq16&apos;hXXXX"/>
        <Option Id="COMPARE_VALUE.0" value="eq16&apos;hXXXX"/>
        <Option Id="DISPLAY_AS_ENUM" value="1"/>
        <Option Id="DISPLAY_HINT" value=""/>
        <Option Id="DISPLAY_RADIX" value="HEX"/>
        <Option Id="DISPLAY_VISIBILITY" value=""/>
        <Option Id="HW_ILA" value="bhhrg_i/system_ila_0/U0/ila_lib"/>
        <Option Id="LINK_TO_WAVEFORM" value="1"/>
        <Option Id="MAP" value="probe0[15:0]"/>
        <Option Id="NAME.CUSTOM" value="axi_rng_0_m_tdata"/>
        <Option Id="NAME.SELECT" value="Custom"/>
        <Option Id="SOURCE" value="netlist"/>
        <Option Id="TRIGGER_COMPARE_VALUE" value="eq16&apos;hXXXX"/>
        <Option Id="WAVEFORM_STYLE" value="Digital"/>
      </probeOptions>
      <nets>
        <net name="bhhrg_i/system_ila_0/U0/probe0_1[15]"/>
        <net name="bhhrg_i/system_ila_0/U0/probe0_1[14]"/>
        <net name="bhhrg_i/system_ila_0/U0/probe0_1[13]"/>
        <net name="bhhrg_i/system_ila_0/U0/probe0_1[12]"/>
        <net name="bhhrg_i/system_ila_0/U0/probe0_1[11]"/>
        <net name="bhhrg_i/system_ila_0/U0/probe0_1[10]"/>
        <net name="bhhrg_i/system_ila_0/U0/probe0_1[9]"/>
        <net name="bhhrg_i/system_ila_0/U0/probe0_1[8]"/>
        <net name="bhhrg_i/system_ila_0/U0/probe0_1[7]"/>
        <net name="bhhrg_i/system_ila_0/U0/probe0_1[6]"/>
        <net name="bhhrg_i/system_ila_0/U0/probe0_1[5]"/>
        <net name="bhhrg_i/system_ila_0/U0/probe0_1[4]"/>
        <net name="bhhrg_i/system_ila_0/U0/probe0_1[3]"/>
        <net name="bhhrg_i/system_ila_0/U0/probe0_1[2]"/>
        <net name="bhhrg_i/system_ila_0/U0/probe0_1[1]"/>
        <net name="bhhrg_i/system_ila_0/U0/probe0_1[0]"/>
      </nets>
    </probe>
    <probe type="ila" busType="net" source="netlist" spec="ILA_V2_RT">
      <probeOptions Id="DebugProbeParams">
        <Option Id="CAPTURE_COMPARE_VALUE" value="eq1&apos;bX"/>
        <Option Id="COMPARE_VALUE.0" value="eq1&apos;bX"/>
        <Option Id="DISPLAY_AS_ENUM" value="1"/>
        <Option Id="DISPLAY_HINT" value=""/>
        <Option Id="DISPLAY_RADIX" value="HEX"/>
        <Option Id="DISPLAY_VISIBILITY" value=""/>
        <Option Id="HW_ILA" value="hw_ila_1"/>
        <Option Id="LINK_TO_WAVEFORM" value="1"/>
        <Option Id="MAP" value="probe1[0]"/>
        <Option Id="NAME.CUSTOM" value="axi_rng_0_m_tvalid"/>
        <Option Id="NAME.SELECT" value="Custom"/>
        <Option Id="SOURCE" value="netlist"/>
        <Option Id="TRIGGER_COMPARE_VALUE" value="eq1&apos;bX"/>
        <Option Id="WAVEFORM_STYLE" value="Digital"/>
      </probeOptions>
      <nets>
        <net name="bhhrg_i/system_ila_0/U0/probe1_1"/>
      </nets>
    </probe>
    <probe type="ila" busType="net" source="netlist" spec="ILA_V2_RT">
      <probeOptions Id="DebugProbeParams">
        <Option Id="CAPTURE_COMPARE_VALUE" value="eq1&apos;bX"/>
        <Option Id="COMPARE_VALUE.0" value="eq1&apos;bX"/>
        <Option Id="DISPLAY_AS_ENUM" value="1"/>
        <Option Id="DISPLAY_HINT" value=""/>
        <Option Id="DISPLAY_RADIX" value="HEX"/>
        <Option Id="DISPLAY_VISIBILITY" value=""/>
        <Option Id="HW_ILA" value="hw_ila_1"/>
        <Option Id="LINK_TO_WAVEFORM" value="1"/>
        <Option Id="MAP" value="probe2[0]"/>
        <Option Id="NAME.CUSTOM" value="bit_to_signed_0_s2_tready"/>
        <Option Id="NAME.SELECT" value="Custom"/>
        <Option Id="SOURCE" value="netlist"/>
        <Option Id="TRIGGER_COMPARE_VALUE" value="eq1&apos;bX"/>
        <Option Id="WAVEFORM_STYLE" value="Digital"/>
      </probeOptions>
      <nets>
        <net name="bhhrg_i/system_ila_0/U0/probe2_1"/>
      </nets>
    </probe>
  </probeset>
</hwsession>
