<?xml version="1.0"?>
<Runs Version="1" Minor="0">
	<Run Id="bhhrg_xbar_0_synth_1" LaunchDir="/home/deb/ahhhrg/ahhhrg.runs/bhhrg_xbar_0_synth_1" FlowId="Vivado_Synthesis" FromStepId="vivado" ToStepId="vivado"/>
	<Run Id="bhhrg_axi_decoder_0_0_synth_1" LaunchDir="/home/deb/ahhhrg/ahhhrg.runs/bhhrg_axi_decoder_0_0_synth_1" FlowId="Vivado_Synthesis" FromStepId="vivado" ToStepId="vivado"/>
	<Run Id="bhhrg_rst_ps7_0_50M_0_synth_1" LaunchDir="/home/deb/ahhhrg/ahhhrg.runs/bhhrg_rst_ps7_0_50M_0_synth_1" FlowId="Vivado_Synthesis" FromStepId="vivado" ToStepId="vivado"/>
	<Run Id="bhhrg_axi_gpio_0_0_synth_1" LaunchDir="/home/deb/ahhhrg/ahhhrg.runs/bhhrg_axi_gpio_0_0_synth_1" FlowId="Vivado_Synthesis" FromStepId="vivado" ToStepId="vivado"/>
	<Run Id="bhhrg_processing_system7_0_0_synth_1" LaunchDir="/home/deb/ahhhrg/ahhhrg.runs/bhhrg_processing_system7_0_0_synth_1" FlowId="Vivado_Synthesis" FromStepId="vivado" ToStepId="vivado"/>
	<Run Id="bhhrg_axi_fifo_mm_s_0_0_synth_1" LaunchDir="/home/deb/ahhhrg/ahhhrg.runs/bhhrg_axi_fifo_mm_s_0_0_synth_1" FlowId="Vivado_Synthesis" FromStepId="vivado" ToStepId="vivado"/>
	<Run Id="bhhrg_ila_0_0_synth_1" LaunchDir="/home/deb/ahhhrg/ahhhrg.runs/bhhrg_ila_0_0_synth_1" FlowId="Vivado_Synthesis" FromStepId="vivado" ToStepId="vivado"/>
	<Run Id="bhhrg_auto_pc_0_synth_1" LaunchDir="/home/deb/ahhhrg/ahhhrg.runs/bhhrg_auto_pc_0_synth_1" FlowId="Vivado_Synthesis" FromStepId="vivado" ToStepId="vivado"/>
	<Run Id="synth_1" LaunchDir="/home/deb/ahhhrg/ahhhrg.runs/synth_1" FlowId="Vivado_Synthesis" FromStepId="vivado" ToStepId="vivado">
		<Parent Id="bhhrg_xbar_0_synth_1"/>
		<Parent Id="bhhrg_axi_decoder_0_0_synth_1"/>
		<Parent Id="bhhrg_rst_ps7_0_50M_0_synth_1"/>
		<Parent Id="bhhrg_axi_gpio_0_0_synth_1"/>
		<Parent Id="bhhrg_processing_system7_0_0_synth_1"/>
		<Parent Id="bhhrg_axi_fifo_mm_s_0_0_synth_1"/>
		<Parent Id="bhhrg_ila_0_0_synth_1"/>
		<Parent Id="bhhrg_auto_pc_0_synth_1"/>
	</Run>
	<Run Id="impl_1" LaunchDir="/home/deb/ahhhrg/ahhhrg.runs/impl_1" FlowId="Vivado_Implementation" FromStepId="init_design" ToStepId="write_bitstream">
		<Parent Id="synth_1"/>
		<Parent Id="bhhrg_xbar_0_synth_1"/>
		<Parent Id="bhhrg_axi_decoder_0_0_synth_1"/>
		<Parent Id="bhhrg_rst_ps7_0_50M_0_synth_1"/>
		<Parent Id="bhhrg_axi_gpio_0_0_synth_1"/>
		<Parent Id="bhhrg_processing_system7_0_0_synth_1"/>
		<Parent Id="bhhrg_axi_fifo_mm_s_0_0_synth_1"/>
		<Parent Id="bhhrg_ila_0_0_synth_1"/>
		<Parent Id="bhhrg_auto_pc_0_synth_1"/>
	</Run>
</Runs>

