<?xml version="1.0"?>
<Runs Version="1" Minor="0">
	<Run Id="bhhrg_axi_decoder_0_2_synth_1" LaunchDir="/home/qwe/ahhhrg/ahhhrg.runs/bhhrg_axi_decoder_0_2_synth_1" FlowId="Vivado_Synthesis" FromStepId="vivado" ToStepId="vivado"/>
	<Run Id="bhhrg_system_ila_0_0_synth_1" LaunchDir="/home/qwe/ahhhrg/ahhhrg.runs/bhhrg_system_ila_0_0_synth_1" FlowId="Vivado_Synthesis" FromStepId="vivado" ToStepId="vivado"/>
	<Run Id="bhhrg_auto_pc_0_synth_1" LaunchDir="/home/qwe/ahhhrg/ahhhrg.runs/bhhrg_auto_pc_0_synth_1" FlowId="Vivado_Synthesis" FromStepId="vivado" ToStepId="vivado"/>
	<Run Id="bhhrg_axis_subset_converter_0_0_synth_1" LaunchDir="/home/qwe/ahhhrg/ahhhrg.runs/bhhrg_axis_subset_converter_0_0_synth_1" FlowId="Vivado_Synthesis" FromStepId="vivado" ToStepId="vivado"/>
	<Run Id="bhhrg_auto_ss_slidr_0_synth_1" LaunchDir="/home/qwe/ahhhrg/ahhhrg.runs/bhhrg_auto_ss_slidr_0_synth_1" FlowId="Vivado_Synthesis" FromStepId="vivado" ToStepId="vivado"/>
	<Run Id="synth_1" LaunchDir="/home/qwe/ahhhrg/ahhhrg.runs/synth_1" FlowId="Vivado_Synthesis" FromStepId="vivado" ToStepId="vivado">
		<Parent Id="bhhrg_axi_decoder_0_2_synth_1"/>
		<Parent Id="bhhrg_system_ila_0_0_synth_1"/>
		<Parent Id="bhhrg_auto_pc_0_synth_1"/>
		<Parent Id="bhhrg_axis_subset_converter_0_0_synth_1"/>
		<Parent Id="bhhrg_auto_ss_slidr_0_synth_1"/>
	</Run>
	<Run Id="impl_1" LaunchDir="/home/qwe/ahhhrg/ahhhrg.runs/impl_1" FlowId="Vivado_Implementation" FromStepId="init_design" ToStepId="write_bitstream">
		<Parent Id="synth_1"/>
		<Parent Id="bhhrg_axi_decoder_0_2_synth_1"/>
		<Parent Id="bhhrg_system_ila_0_0_synth_1"/>
		<Parent Id="bhhrg_auto_pc_0_synth_1"/>
		<Parent Id="bhhrg_axis_subset_converter_0_0_synth_1"/>
		<Parent Id="bhhrg_auto_ss_slidr_0_synth_1"/>
	</Run>
</Runs>

