<?xml version="1.0"?>
<Runs Version="1" Minor="0">
	<Run Id="bhhrg_axi_fifo_0_2_synth_1" LaunchDir="/home/qwe/ahhhrg/ahhhrg.runs/bhhrg_axi_fifo_0_2_synth_1" FlowId="Vivado_Synthesis" FromStepId="vivado" ToStepId="vivado"/>
	<Run Id="bhhrg_axi_decoder_0_2_synth_1" LaunchDir="/home/qwe/ahhhrg/ahhhrg.runs/bhhrg_axi_decoder_0_2_synth_1" FlowId="Vivado_Synthesis" FromStepId="vivado" ToStepId="vivado"/>
	<Run Id="bhhrg_axis_register_slice_0_1_synth_1" LaunchDir="/home/qwe/ahhhrg/ahhhrg.runs/bhhrg_axis_register_slice_0_1_synth_1" FlowId="Vivado_Synthesis" FromStepId="vivado" ToStepId="vivado"/>
	<Run Id="bhhrg_tausworthe_0_2_synth_1" LaunchDir="/home/qwe/ahhhrg/ahhhrg.runs/bhhrg_tausworthe_0_2_synth_1" FlowId="Vivado_Synthesis" FromStepId="vivado" ToStepId="vivado"/>
	<Run Id="bhhrg_axis_register_slice_0_0_synth_1" LaunchDir="/home/qwe/ahhhrg/ahhhrg.runs/bhhrg_axis_register_slice_0_0_synth_1" FlowId="Vivado_Synthesis" FromStepId="vivado" ToStepId="vivado" IsOrderedIPRun="true">
		<Parent Id="bhhrg_axis_register_slice_0_1_synth_1"/>
	</Run>
	<Run Id="bhhrg_axi_cmp_0_2_synth_1" LaunchDir="/home/qwe/ahhhrg/ahhhrg.runs/bhhrg_axi_cmp_0_2_synth_1" FlowId="Vivado_Synthesis" FromStepId="vivado" ToStepId="vivado"/>
	<Run Id="bhhrg_axi_encoder_0_2_synth_1" LaunchDir="/home/qwe/ahhhrg/ahhhrg.runs/bhhrg_axi_encoder_0_2_synth_1" FlowId="Vivado_Synthesis" FromStepId="vivado" ToStepId="vivado"/>
	<Run Id="bhhrg_axi_rng_0_2_synth_1" LaunchDir="/home/qwe/ahhhrg/ahhhrg.runs/bhhrg_axi_rng_0_2_synth_1" FlowId="Vivado_Synthesis" FromStepId="vivado" ToStepId="vivado"/>
	<Run Id="bhhrg_bit_to_signed_0_2_synth_1" LaunchDir="/home/qwe/ahhhrg/ahhhrg.runs/bhhrg_bit_to_signed_0_2_synth_1" FlowId="Vivado_Synthesis" FromStepId="vivado" ToStepId="vivado"/>
	<Run Id="synth_1" LaunchDir="/home/qwe/ahhhrg/ahhhrg.runs/synth_1" FlowId="Vivado_Synthesis" FromStepId="vivado" ToStepId="vivado">
		<Parent Id="bhhrg_axi_fifo_0_2_synth_1"/>
		<Parent Id="bhhrg_axi_decoder_0_2_synth_1"/>
		<Parent Id="bhhrg_axis_register_slice_0_1_synth_1"/>
		<Parent Id="bhhrg_tausworthe_0_2_synth_1"/>
		<Parent Id="bhhrg_axis_register_slice_0_0_synth_1"/>
		<Parent Id="bhhrg_axi_cmp_0_2_synth_1"/>
		<Parent Id="bhhrg_axi_encoder_0_2_synth_1"/>
		<Parent Id="bhhrg_axi_rng_0_2_synth_1"/>
		<Parent Id="bhhrg_bit_to_signed_0_2_synth_1"/>
	</Run>
</Runs>

